price,sqft,beds,bath,laundry,pets,housing_type,parking,hood_district
6800,1600.0,2.0,2.0,(a) in-unit,(d) no pets,(c) multi,(b) protected,7.0
3500,550.0,1.0,1.0,(a) in-unit,(a) both,(c) multi,(b) protected,7.0
5100,1300.0,2.0,1.0,(a) in-unit,(a) both,(c) multi,(d) no parking,7.0
9000,3500.0,3.0,2.5,(a) in-unit,(d) no pets,(c) multi,(b) protected,7.0
3100,561.0,1.0,1.0,(c) no laundry,(a) both,(c) multi,(d) no parking,7.0
3800,800.0,2.0,1.0,(b) on-site,(c) cats,(c) multi,(b) protected,9.0
3100,750.0,1.0,1.0,(a) in-unit,(d) no pets,(c) multi,(b) protected,8.0
3000,650.0,1.0,1.0,(b) on-site,(a) both,(c) multi,(d) no parking,7.0
3000,650.0,1.0,1.0,(b) on-site,(a) both,(c) multi,(b) protected,7.0
3200,650.0,1.0,1.0,(a) in-unit,(c) cats,(c) multi,(b) protected,9.0
3100,650.0,1.0,1.0,(b) on-site,(a) both,(c) multi,(b) protected,7.0
15000,3500.0,4.0,3.5,(a) in-unit,(d) no pets,(a) single,(b) protected,1.0
3300,1525.0,2.0,1.0,(b) on-site,(d) no pets,(a) single,(d) no parking,2.0
5600,1307.0,2.0,2.0,(a) in-unit,(d) no pets,(c) multi,(b) protected,9.0
2345,500.0,1.0,1.0,(c) no laundry,(c) cats,(c) multi,(d) no parking,2.0
2700,850.0,2.0,1.0,(c) no laundry,(d) no pets,(c) multi,(b) protected,2.0
3700,800.0,1.0,1.0,(b) on-site,(a) both,(c) multi,(b) protected,7.0
3595,1205.0,3.0,2.0,(b) on-site,(d) no pets,(c) multi,(b) protected,1.0
4875,1708.0,2.0,3.0,(a) in-unit,(d) no pets,(c) multi,(d) no parking,9.0
5200,1417.0,2.0,1.5,(a) in-unit,(a) both,(c) multi,(b) protected,6.0
5200,1700.0,4.0,2.0,(a) in-unit,(a) both,(c) multi,(b) protected,6.0
1880,350.0,0.0,1.0,(c) no laundry,(d) no pets,(c) multi,(d) no parking,9.0
4350,950.0,2.0,1.0,(a) in-unit,(c) cats,(c) multi,(b) protected,8.0
2500,700.0,1.0,1.0,(b) on-site,(a) both,(c) multi,(b) protected,2.0
3184,704.0,1.0,1.0,(a) in-unit,(a) both,(c) multi,(b) protected,9.0
2705,509.0,0.0,1.0,(a) in-unit,(a) both,(c) multi,(b) protected,9.0
3581,922.0,2.0,2.0,(a) in-unit,(a) both,(c) multi,(b) protected,9.0
2610,694.0,1.0,1.0,(a) in-unit,(a) both,(c) multi,(b) protected,9.0
4900,1600.0,3.0,2.5,(a) in-unit,(a) both,(c) multi,(b) protected,9.0
4200,1500.0,3.0,2.0,(a) in-unit,(a) both,(c) multi,(d) no parking,9.0
3600,1100.0,2.0,1.0,(b) on-site,(a) both,(c) multi,(d) no parking,6.0
4200,1400.0,3.0,2.0,(a) in-unit,(a) both,(c) multi,(d) no parking,9.0
4500,1400.0,3.0,1.0,(a) in-unit,(a) both,(c) multi,(d) no parking,9.0
4200,1400.0,3.0,2.0,(a) in-unit,(a) both,(c) multi,(b) protected,9.0
4800,1000.0,2.0,2.0,(a) in-unit,(a) both,(c) multi,(d) no parking,6.0
5000,1400.0,3.0,2.0,(a) in-unit,(a) both,(c) multi,(b) protected,9.0
5000,1400.0,3.0,3.5,(a) in-unit,(a) both,(c) multi,(d) no parking,9.0
2900,725.0,1.0,1.0,(b) on-site,(a) both,(c) multi,(b) protected,6.0
1880,350.0,0.0,1.0,(c) no laundry,(d) no pets,(c) multi,(d) no parking,9.0
3995,908.0,2.0,1.0,(a) in-unit,(a) both,(c) multi,(b) protected,9.0
2200,630.0,1.0,1.0,(c) no laundry,(a) both,(c) multi,(d) no parking,5.0
2795,664.0,1.0,1.0,(b) on-site,(c) cats,(c) multi,(d) no parking,5.0
3300,900.0,1.0,1.0,(b) on-site,(d) no pets,(c) multi,(d) no parking,5.0
2995,810.0,2.0,1.0,(b) on-site,(c) cats,(c) multi,(d) no parking,5.0
1995,388.0,1.0,1.0,(b) on-site,(a) both,(c) multi,(d) no parking,8.0
2750,600.0,1.0,1.0,(b) on-site,(c) cats,(c) multi,(b) protected,5.0
5050,1500.0,2.0,2.0,(a) in-unit,(c) cats,(c) multi,(b) protected,7.0
3800,950.0,1.0,1.0,(a) in-unit,(d) no pets,(c) multi,(a) valet,9.0
2600,725.0,0.0,1.0,(b) on-site,(d) no pets,(c) multi,(d) no parking,6.0
3498,995.0,2.0,2.0,(b) on-site,(a) both,(c) multi,(c) off-street,5.0
2600,558.0,1.0,1.0,(a) in-unit,(d) no pets,(c) multi,(d) no parking,8.0
2950,606.0,1.0,1.0,(a) in-unit,(a) both,(c) multi,(d) no parking,6.0
2795,750.0,1.0,1.0,(b) on-site,(a) both,(c) multi,(b) protected,9.0
2195,1000.0,1.0,1.0,(b) on-site,(d) no pets,(c) multi,(b) protected,8.0
3815,683.0,1.0,1.0,(a) in-unit,(a) both,(c) multi,(b) protected,9.0
4050,830.0,1.0,1.0,(a) in-unit,(d) no pets,(c) multi,(a) valet,9.0
750,170.0,1.0,1.0,(b) on-site,(d) no pets,(c) multi,(d) no parking,10.0
2299,500.0,1.0,1.0,(b) on-site,(a) both,(c) multi,(d) no parking,9.0
3572,697.0,1.0,1.0,(a) in-unit,(a) both,(c) multi,(b) protected,9.0
2843,720.0,1.0,1.0,(a) in-unit,(a) both,(c) multi,(b) protected,9.0
3636,721.0,1.0,1.0,(a) in-unit,(a) both,(c) multi,(b) protected,9.0
3107,690.0,1.0,1.0,(a) in-unit,(a) both,(c) multi,(b) protected,9.0
2800,780.0,1.0,1.0,(b) on-site,(d) no pets,(c) multi,(d) no parking,7.0
3404,855.0,1.0,1.0,(a) in-unit,(a) both,(c) multi,(b) protected,9.0
2399,559.0,1.0,1.0,(a) in-unit,(d) no pets,(c) multi,(a) valet,9.0
3250,650.0,1.0,1.0,(a) in-unit,(a) both,(c) multi,(d) no parking,8.0
1948,500.0,0.0,1.0,(a) in-unit,(a) both,(c) multi,(d) no parking,8.0
1948,500.0,0.0,1.0,(a) in-unit,(a) both,(c) multi,(d) no parking,9.0
2600,800.0,1.0,1.0,(a) in-unit,(a) both,(c) multi,(b) protected,9.0
2600,650.0,1.0,1.0,(c) no laundry,(a) both,(c) multi,(d) no parking,9.0
3000,900.0,1.0,1.0,(b) on-site,(c) cats,(c) multi,(d) no parking,8.0
3300,757.0,1.0,1.0,(a) in-unit,(d) no pets,(c) multi,(b) protected,9.0
2500,600.0,1.0,1.0,(b) on-site,(d) no pets,(c) multi,(b) protected,4.0
2700,625.0,1.0,1.0,(c) no laundry,(d) no pets,(c) multi,(b) protected,7.0
3200,916.0,1.0,1.0,(a) in-unit,(d) no pets,(c) multi,(b) protected,9.0
3200,916.0,1.0,1.0,(a) in-unit,(b) dogs,(c) multi,(b) protected,9.0
2404,615.0,1.0,1.0,(b) on-site,(a) both,(c) multi,(c) off-street,5.0
2660,615.0,1.0,1.0,(b) on-site,(a) both,(c) multi,(c) off-street,5.0
2835,600.0,1.0,1.0,(b) on-site,(d) no pets,(c) multi,(d) no parking,8.0
2586,662.0,1.0,1.0,(a) in-unit,(a) both,(c) multi,(d) no parking,9.0
1820,516.0,0.0,1.0,(a) in-unit,(a) both,(c) multi,(d) no parking,9.0
2100,660.0,0.0,1.0,(b) on-site,(d) no pets,(c) multi,(d) no parking,9.0
3500,768.0,1.0,1.0,(a) in-unit,(b) dogs,(c) multi,(b) protected,9.0
3884,943.0,2.0,2.0,(a) in-unit,(a) both,(c) multi,(d) no parking,9.0
3750,1375.0,2.0,2.0,(b) on-site,(d) no pets,(c) multi,(b) protected,9.0
3750,1375.0,2.0,2.0,(b) on-site,(d) no pets,(c) multi,(b) protected,9.0
4390,1070.0,2.0,2.0,(a) in-unit,(d) no pets,(c) multi,(b) protected,9.0
4390,1070.0,2.0,2.0,(a) in-unit,(d) no pets,(c) multi,(b) protected,9.0
3000,750.0,1.0,1.0,(b) on-site,(d) no pets,(c) multi,(d) no parking,5.0
3188,737.0,1.0,1.0,(a) in-unit,(d) no pets,(c) multi,(b) protected,9.0
4499,1200.0,2.0,2.0,(a) in-unit,(d) no pets,(a) single,(b) protected,2.0
4800,1105.0,2.0,2.0,(a) in-unit,(d) no pets,(c) multi,(b) protected,7.0
3395,1162.0,2.0,2.0,(a) in-unit,(a) both,(c) multi,(c) off-street,9.0
2700,650.0,1.0,1.0,(a) in-unit,(d) no pets,(c) multi,(b) protected,9.0
2339,512.0,1.0,1.0,(a) in-unit,(a) both,(c) multi,(b) protected,9.0
2200,500.0,1.0,1.0,(b) on-site,(d) no pets,(c) multi,(d) no parking,8.0
2200,500.0,1.0,1.0,(b) on-site,(d) no pets,(c) multi,(b) protected,8.0
2095,600.0,1.0,1.0,(b) on-site,(d) no pets,(c) multi,(b) protected,9.0
1850,425.0,1.0,1.0,(c) no laundry,(c) cats,(c) multi,(d) no parking,8.0
1850,425.0,1.0,1.0,(c) no laundry,(c) cats,(c) multi,(d) no parking,8.0
2595,675.0,1.0,1.0,(b) on-site,(d) no pets,(c) multi,(b) protected,9.0
2600,750.0,1.0,1.0,(b) on-site,(d) no pets,(c) multi,(d) no parking,9.0
2450,650.0,1.0,1.0,(b) on-site,(c) cats,(c) multi,(b) protected,6.0
2350,600.0,1.0,1.0,(b) on-site,(c) cats,(c) multi,(b) protected,8.0
2950,700.0,1.0,1.0,(b) on-site,(a) both,(c) multi,(b) protected,9.0
3000,950.0,1.0,1.0,(b) on-site,(d) no pets,(c) multi,(b) protected,7.0
2589,1219.0,1.0,1.0,(a) in-unit,(a) both,(c) multi,(b) protected,10.0
2702,1101.0,1.0,2.0,(b) on-site,(a) both,(c) multi,(d) no parking,9.0
4500,1200.0,2.0,2.0,(a) in-unit,(d) no pets,(c) multi,(b) protected,9.0
3200,800.0,2.0,1.0,(a) in-unit,(c) cats,(c) multi,(d) no parking,9.0
2300,700.0,2.0,1.0,(b) on-site,(d) no pets,(b) double,(d) no parking,2.0
3490,500.0,2.0,1.0,(a) in-unit,(a) both,(c) multi,(d) no parking,5.0
3590,885.0,2.0,2.0,(b) on-site,(d) no pets,(c) multi,(b) protected,7.0
3588,995.0,2.0,2.0,(a) in-unit,(a) both,(c) multi,(b) protected,9.0
3663,1043.0,2.0,2.0,(a) in-unit,(a) both,(c) multi,(b) protected,9.0
3400,1100.0,2.0,1.0,(b) on-site,(d) no pets,(c) multi,(b) protected,9.0
4578,986.0,2.0,2.0,(a) in-unit,(a) both,(c) multi,(b) protected,9.0
3312,922.0,2.0,2.0,(a) in-unit,(a) both,(c) multi,(b) protected,9.0
3400,750.0,2.0,1.0,(b) on-site,(d) no pets,(c) multi,(d) no parking,6.0
2650,700.0,2.0,1.0,(b) on-site,(d) no pets,(c) multi,(d) no parking,8.0
3800,1400.0,2.0,2.0,(b) on-site,(b) dogs,(c) multi,(d) no parking,7.0
2685,970.0,2.0,2.0,(a) in-unit,(d) no pets,(c) multi,(b) protected,10.0
4999,1598.0,2.0,1.0,(b) on-site,(d) no pets,(c) multi,(b) protected,7.0
3700,900.0,2.0,1.0,(a) in-unit,(d) no pets,(a) single,(b) protected,2.0
2795,743.0,2.0,2.0,(a) in-unit,(a) both,(c) multi,(d) no parking,8.0
3200,800.0,2.0,1.0,(b) on-site,(d) no pets,(c) multi,(d) no parking,8.0
3000,800.0,2.0,1.0,(b) on-site,(d) no pets,(c) multi,(d) no parking,8.0
3250,900.0,2.0,1.0,(c) no laundry,(d) no pets,(c) multi,(b) protected,5.0
2800,675.0,2.0,1.0,(c) no laundry,(d) no pets,(c) multi,(d) no parking,8.0
2700,675.0,2.0,1.0,(c) no laundry,(d) no pets,(c) multi,(d) no parking,8.0
3795,1200.0,2.0,2.0,(a) in-unit,(a) both,(c) multi,(d) no parking,9.0
3950,1450.0,3.0,1.0,(a) in-unit,(a) both,(c) multi,(d) no parking,9.0
1691,232.0,0.0,1.0,(b) on-site,(d) no pets,(c) multi,(b) protected,9.0
1660,232.0,0.0,1.0,(b) on-site,(d) no pets,(c) multi,(b) protected,9.0
1690,233.0,0.0,1.0,(b) on-site,(d) no pets,(c) multi,(b) protected,9.0
1679,241.0,0.0,1.0,(b) on-site,(d) no pets,(c) multi,(b) protected,9.0
3000,810.0,1.0,1.0,(a) in-unit,(a) both,(c) multi,(b) protected,7.0
3999,1000.0,2.0,1.0,(a) in-unit,(d) no pets,(c) multi,(d) no parking,5.0
3600,800.0,2.0,2.0,(b) on-site,(a) both,(c) multi,(d) no parking,5.0
3700,930.0,2.0,2.0,(a) in-unit,(b) dogs,(c) multi,(b) protected,9.0
2500,900.0,2.0,1.0,(b) on-site,(d) no pets,(b) double,(d) no parking,10.0
2765,902.0,2.0,1.5,(c) no laundry,(d) no pets,(c) multi,(d) no parking,10.0
2850,900.0,2.0,1.0,(c) no laundry,(d) no pets,(c) multi,(d) no parking,8.0
2999,775.0,2.0,1.0,(b) on-site,(d) no pets,(c) multi,(b) protected,1.0
3900,950.0,2.0,2.0,(b) on-site,(a) both,(c) multi,(b) protected,9.0
6995,1473.0,2.0,2.5,(a) in-unit,(d) no pets,(c) multi,(d) no parking,8.0
3900,1254.0,2.0,1.5,(a) in-unit,(a) both,(c) multi,(b) protected,9.0
4500,1450.0,2.0,2.0,(a) in-unit,(a) both,(c) multi,(b) protected,8.0
5595,1150.0,2.0,2.0,(a) in-unit,(d) no pets,(c) multi,(b) protected,9.0
3000,860.0,2.0,1.0,(c) no laundry,(d) no pets,(c) multi,(d) no parking,2.0
3895,1000.0,2.0,1.0,(b) on-site,(d) no pets,(c) multi,(c) off-street,8.0
3999,1500.0,2.0,2.0,(a) in-unit,(d) no pets,(c) multi,(b) protected,9.0
4500,975.0,2.0,2.0,(a) in-unit,(d) no pets,(c) multi,(b) protected,7.0
3150,900.0,2.0,1.0,(b) on-site,(a) both,(c) multi,(d) no parking,9.0
3800,1200.0,2.0,1.0,(b) on-site,(d) no pets,(c) multi,(b) protected,8.0
3100,750.0,2.0,1.0,(b) on-site,(c) cats,(c) multi,(b) protected,4.0
3795,1050.0,2.0,1.0,(b) on-site,(d) no pets,(c) multi,(b) protected,5.0
2800,875.0,2.0,1.0,(b) on-site,(d) no pets,(c) multi,(b) protected,9.0
3100,1000.0,2.0,1.0,(c) no laundry,(d) no pets,(c) multi,(b) protected,2.0
3300,1000.0,2.0,1.0,(b) on-site,(d) no pets,(c) multi,(b) protected,7.0
2765,902.0,2.0,1.5,(c) no laundry,(d) no pets,(c) multi,(d) no parking,10.0
3250,1000.0,2.0,1.0,(b) on-site,(d) no pets,(c) multi,(d) no parking,2.0
3349,1400.0,3.0,1.0,(b) on-site,(d) no pets,(c) multi,(d) no parking,1.0
4750,1421.0,3.0,1.5,(c) no laundry,(a) both,(c) multi,(d) no parking,5.0
7195,1651.0,3.0,2.0,(a) in-unit,(a) both,(c) multi,(b) protected,5.0
4637,1108.0,3.0,2.0,(c) no laundry,(a) both,(c) multi,(b) protected,6.0
2999,2000.0,3.0,2.0,(b) on-site,(d) no pets,(a) single,(d) no parking,10.0
3699,1100.0,3.0,1.0,(c) no laundry,(a) both,(c) multi,(d) no parking,8.0
4950,1000.0,3.0,1.5,(c) no laundry,(d) no pets,(c) multi,(d) no parking,8.0
3200,950.0,3.0,1.5,(a) in-unit,(d) no pets,(a) single,(d) no parking,10.0
3800,1500.0,3.0,2.0,(b) on-site,(d) no pets,(c) multi,(d) no parking,7.0
3900,1200.0,3.0,1.0,(b) on-site,(d) no pets,(c) multi,(d) no parking,8.0
5100,1500.0,3.0,2.5,(a) in-unit,(d) no pets,(a) single,(b) protected,4.0
7654,1525.0,3.0,2.5,(a) in-unit,(b) dogs,(c) multi,(b) protected,8.0
3698,900.0,3.0,1.0,(b) on-site,(a) both,(c) multi,(d) no parking,9.0
4995,1500.0,3.0,2.0,(a) in-unit,(a) both,(c) multi,(c) off-street,5.0
3595,1100.0,3.0,1.0,(b) on-site,(d) no pets,(c) multi,(d) no parking,8.0
2599,665.0,1.0,1.0,(a) in-unit,(d) no pets,(c) multi,(c) off-street,9.0
2900,950.0,1.0,1.0,(b) on-site,(d) no pets,(c) multi,(d) no parking,1.0
4149,1200.0,3.0,1.5,(b) on-site,(d) no pets,(c) multi,(b) protected,2.0
3300,800.0,3.0,3.0,(c) no laundry,(d) no pets,(c) multi,(d) no parking,2.0
2900,1000.0,3.0,1.0,(b) on-site,(d) no pets,(a) single,(d) no parking,3.0
3200,800.0,3.0,2.0,(a) in-unit,(d) no pets,(c) multi,(d) no parking,8.0
3700,1600.0,3.0,2.0,(b) on-site,(d) no pets,(c) multi,(d) no parking,6.0
4000,1500.0,3.0,2.0,(a) in-unit,(c) cats,(c) multi,(d) no parking,5.0
4800,1500.0,3.0,2.5,(b) on-site,(d) no pets,(c) multi,(d) no parking,7.0
4695,1650.0,3.0,3.0,(b) on-site,(d) no pets,(c) multi,(b) protected,1.0
2995,732.0,1.0,1.0,(a) in-unit,(d) no pets,(c) multi,(b) protected,9.0
2950,1162.0,1.0,2.0,(a) in-unit,(d) no pets,(c) multi,(b) protected,9.0
3850,966.0,2.0,2.0,(a) in-unit,(d) no pets,(c) multi,(b) protected,9.0
5695,1429.0,3.0,1.5,(a) in-unit,(a) both,(c) multi,(b) protected,5.0
5000,1240.0,3.0,2.0,(b) on-site,(d) no pets,(c) multi,(b) protected,5.0
9300,2200.0,4.0,2.5,(a) in-unit,(d) no pets,(c) multi,(b) protected,7.0
6000,1500.0,4.0,2.0,(b) on-site,(d) no pets,(c) multi,(d) no parking,7.0
5600,1800.0,4.0,1.0,(a) in-unit,(d) no pets,(c) multi,(b) protected,5.0
5500,1800.0,4.0,2.0,(a) in-unit,(d) no pets,(c) multi,(d) no parking,5.0
3150,1000.0,1.0,1.0,(c) no laundry,(c) cats,(c) multi,(d) no parking,8.0
3150,1000.0,1.0,1.0,(c) no laundry,(c) cats,(c) multi,(d) no parking,8.0
4700,1750.0,2.0,2.0,(a) in-unit,(d) no pets,(c) multi,(b) protected,9.0
7999,2379.0,4.0,4.0,(a) in-unit,(a) both,(a) single,(b) protected,4.0
4800,1700.0,4.0,2.5,(a) in-unit,(d) no pets,(c) multi,(b) protected,9.0
4400,1400.0,4.0,2.5,(a) in-unit,(a) both,(c) multi,(c) off-street,7.0
3600,1000.0,4.0,2.0,(b) on-site,(d) no pets,(c) multi,(d) no parking,5.0
3950,1432.0,3.0,1.0,(c) no laundry,(a) both,(c) multi,(d) no parking,9.0
5555,1555.0,5.0,1.5,(c) no laundry,(a) both,(c) multi,(d) no parking,5.0
7950,1800.0,5.0,2.0,(c) no laundry,(d) no pets,(c) multi,(d) no parking,6.0
10000,2000.0,6.0,2.0,(a) in-unit,(d) no pets,(a) single,(c) off-street,7.0
1575,310.0,0.0,1.0,(b) on-site,(a) both,(c) multi,(d) no parking,8.0
2225,428.0,1.0,1.0,(b) on-site,(a) both,(c) multi,(d) no parking,8.0
2915,543.0,1.0,1.0,(a) in-unit,(a) both,(c) multi,(b) protected,5.0
2445,400.0,2.0,1.0,(b) on-site,(a) both,(c) multi,(d) no parking,8.0
2195,404.0,1.0,1.0,(b) on-site,(a) both,(c) multi,(d) no parking,8.0
3250,1036.0,2.0,1.0,(b) on-site,(a) both,(c) multi,(d) no parking,8.0
5000,2100.0,6.0,3.0,(c) no laundry,(d) no pets,(c) multi,(d) no parking,2.0
2404,1032.0,1.0,1.0,(a) in-unit,(a) both,(c) multi,(b) protected,10.0
3995,1090.0,2.0,2.0,(a) in-unit,(d) no pets,(c) multi,(b) protected,9.0
3807,1592.0,2.0,2.0,(a) in-unit,(a) both,(c) multi,(d) no parking,10.0
3000,631.0,1.0,1.0,(a) in-unit,(d) no pets,(c) multi,(b) protected,9.0
2917,721.0,1.0,1.0,(a) in-unit,(d) no pets,(c) multi,(b) protected,9.0
2574,736.0,1.0,1.0,(a) in-unit,(a) both,(c) multi,(b) protected,9.0
4242,981.0,2.0,2.0,(a) in-unit,(a) both,(c) multi,(a) valet,9.0
2288,433.0,0.0,1.0,(a) in-unit,(a) both,(c) multi,(b) protected,9.0
2500,800.0,1.0,1.5,(a) in-unit,(d) no pets,(c) multi,(d) no parking,9.0
3195,750.0,1.0,1.0,(a) in-unit,(d) no pets,(c) multi,(b) protected,9.0
2337,800.0,1.0,1.0,(b) on-site,(c) cats,(c) multi,(b) protected,9.0
2418,431.0,0.0,1.0,(a) in-unit,(d) no pets,(c) multi,(c) off-street,9.0
3980,1000.0,4.0,1.5,(a) in-unit,(a) both,(c) multi,(b) protected,9.0
5200,1800.0,5.0,2.0,(a) in-unit,(d) no pets,(c) multi,(d) no parking,7.0
4595,1400.0,4.0,1.5,(a) in-unit,(d) no pets,(c) multi,(d) no parking,6.0
2500,950.0,1.0,1.0,(a) in-unit,(d) no pets,(c) multi,(d) no parking,2.0
2292,515.0,1.0,1.0,(a) in-unit,(a) both,(c) multi,(d) no parking,8.0
3363,1090.0,2.0,2.0,(a) in-unit,(a) both,(c) multi,(d) no parking,9.0
2643,769.0,1.0,1.0,(a) in-unit,(a) both,(c) multi,(b) protected,8.0
3500,1250.0,1.0,1.0,(a) in-unit,(a) both,(c) multi,(b) protected,8.0
4495,1494.0,2.0,2.5,(a) in-unit,(a) both,(c) multi,(b) protected,9.0
5650,936.0,4.0,2.0,(c) no laundry,(d) no pets,(c) multi,(d) no parking,6.0
4595,1200.0,3.0,1.0,(b) on-site,(d) no pets,(c) multi,(d) no parking,8.0
2800,800.0,1.0,1.0,(b) on-site,(c) cats,(c) multi,(d) no parking,7.0
3600,1280.0,3.0,2.0,(b) on-site,(d) no pets,(c) multi,(d) no parking,2.0
3099,921.0,2.0,2.0,(a) in-unit,(a) both,(c) multi,(b) protected,9.0
3395,850.0,2.0,1.0,(b) on-site,(d) no pets,(c) multi,(d) no parking,5.0
2695,780.0,1.0,1.0,(b) on-site,(c) cats,(c) multi,(d) no parking,1.0
5795,1620.0,4.0,3.0,(a) in-unit,(a) both,(c) multi,(b) protected,9.0
2966,800.0,2.0,1.0,(a) in-unit,(d) no pets,(c) multi,(d) no parking,9.0
1218,200.0,0.0,1.0,(b) on-site,(d) no pets,(c) multi,(d) no parking,9.0
5200,1000.0,3.0,1.0,(a) in-unit,(d) no pets,(a) single,(c) off-street,7.0
3495,800.0,2.0,1.0,(b) on-site,(a) both,(c) multi,(b) protected,9.0
3500,850.0,2.0,1.0,(a) in-unit,(d) no pets,(c) multi,(d) no parking,8.0
3475,925.0,1.0,1.0,(b) on-site,(a) both,(c) multi,(b) protected,9.0
4395,1035.0,2.0,2.0,(a) in-unit,(a) both,(c) multi,(d) no parking,6.0
3850,1050.0,2.0,1.5,(a) in-unit,(d) no pets,(c) multi,(b) protected,9.0
4595,1500.0,3.0,1.0,(a) in-unit,(d) no pets,(c) multi,(b) protected,5.0
4750,1414.0,3.0,2.0,(b) on-site,(d) no pets,(c) multi,(b) protected,9.0
19000,2358.0,3.0,3.5,(a) in-unit,(d) no pets,(c) multi,(a) valet,9.0
3650,750.0,3.0,2.0,(b) on-site,(d) no pets,(c) multi,(d) no parking,1.0
2875,633.0,1.0,1.0,(b) on-site,(a) both,(c) multi,(b) protected,2.0
2427,1133.0,1.0,1.0,(a) in-unit,(a) both,(c) multi,(d) no parking,10.0
2695,1000.0,2.0,2.0,(c) no laundry,(d) no pets,(c) multi,(d) no parking,8.0
2695,1000.0,2.0,2.0,(c) no laundry,(d) no pets,(c) multi,(d) no parking,5.0
3412,916.0,2.0,2.0,(a) in-unit,(a) both,(c) multi,(d) no parking,8.0
2850,750.0,2.0,1.0,(b) on-site,(d) no pets,(c) multi,(d) no parking,8.0
3099,875.0,2.0,2.0,(b) on-site,(d) no pets,(c) multi,(b) protected,6.0
4050,1200.0,3.0,1.5,(a) in-unit,(c) cats,(c) multi,(d) no parking,9.0
2200,500.0,1.0,1.0,(b) on-site,(a) both,(c) multi,(d) no parking,7.0
2595,650.0,1.0,1.0,(b) on-site,(c) cats,(c) multi,(b) protected,1.0
3295,933.0,2.0,1.0,(b) on-site,(a) both,(c) multi,(b) protected,8.0
3295,833.0,2.0,1.0,(b) on-site,(a) both,(c) multi,(b) protected,8.0
3300,950.0,3.0,1.5,(b) on-site,(d) no pets,(c) multi,(d) no parking,8.0
3500,909.0,1.0,1.0,(a) in-unit,(d) no pets,(c) multi,(d) no parking,9.0
3459,882.0,1.0,1.0,(a) in-unit,(d) no pets,(c) multi,(b) protected,9.0
4950,1300.0,3.0,1.0,(a) in-unit,(a) both,(c) multi,(d) no parking,6.0
2669,789.0,1.0,1.0,(a) in-unit,(a) both,(c) multi,(b) protected,8.0
2995,650.0,1.0,1.0,(b) on-site,(d) no pets,(c) multi,(b) protected,7.0
3525,805.0,1.0,1.0,(a) in-unit,(a) both,(c) multi,(b) protected,6.0
4210,1374.0,2.0,2.0,(a) in-unit,(a) both,(c) multi,(b) protected,8.0
2395,650.0,1.0,1.0,(b) on-site,(c) cats,(c) multi,(d) no parking,6.0
2200,550.0,1.0,1.0,(b) on-site,(d) no pets,(c) multi,(d) no parking,8.0
2595,690.0,1.0,1.0,(a) in-unit,(d) no pets,(c) multi,(b) protected,9.0
4400,1200.0,3.0,1.0,(b) on-site,(c) cats,(c) multi,(d) no parking,8.0
1900,650.0,1.0,1.0,(b) on-site,(d) no pets,(c) multi,(d) no parking,1.0
3400,680.0,1.0,1.0,(b) on-site,(a) both,(c) multi,(b) protected,6.0
2450,450.0,1.0,1.0,(b) on-site,(a) both,(c) multi,(d) no parking,8.0
2195,750.0,1.0,1.0,(c) no laundry,(d) no pets,(c) multi,(d) no parking,1.0
1800,450.0,1.0,1.0,(c) no laundry,(d) no pets,(c) multi,(c) off-street,3.0
2990,587.0,1.0,1.0,(a) in-unit,(a) both,(c) multi,(b) protected,5.0
3980,800.0,1.0,1.0,(b) on-site,(d) no pets,(c) multi,(c) off-street,5.0
2950,1000.0,2.0,1.0,(b) on-site,(d) no pets,(c) multi,(d) no parking,6.0
3799,1187.0,2.0,2.0,(a) in-unit,(a) both,(c) multi,(d) no parking,8.0
4000,775.0,3.0,1.0,(b) on-site,(d) no pets,(a) single,(d) no parking,10.0
5290,1420.0,3.0,2.0,(a) in-unit,(a) both,(c) multi,(b) protected,9.0
4800,1400.0,3.0,2.0,(a) in-unit,(c) cats,(c) multi,(d) no parking,9.0
3600,1000.0,3.0,1.5,(b) on-site,(d) no pets,(c) multi,(d) no parking,1.0
4295,830.0,1.0,1.0,(a) in-unit,(d) no pets,(c) multi,(d) no parking,9.0
3000,675.0,1.0,1.0,(b) on-site,(c) cats,(c) multi,(c) off-street,8.0
4999,1400.0,3.0,2.0,(c) no laundry,(d) no pets,(c) multi,(d) no parking,6.0
3700,1300.0,1.0,2.0,(a) in-unit,(d) no pets,(c) multi,(b) protected,9.0
2800,970.0,1.0,1.0,(a) in-unit,(d) no pets,(c) multi,(b) protected,9.0
3100,500.0,1.0,1.0,(b) on-site,(d) no pets,(c) multi,(d) no parking,7.0
1600,400.0,0.0,1.0,(b) on-site,(d) no pets,(c) multi,(d) no parking,8.0
1600,400.0,0.0,1.0,(b) on-site,(d) no pets,(c) multi,(d) no parking,8.0
5500,1500.0,3.0,2.0,(a) in-unit,(d) no pets,(c) multi,(b) protected,7.0
5500,1500.0,2.0,2.0,(a) in-unit,(d) no pets,(c) multi,(b) protected,7.0
2246,476.0,0.0,1.0,(a) in-unit,(a) both,(c) multi,(b) protected,2.0
3150,800.0,2.0,1.0,(b) on-site,(d) no pets,(a) single,(d) no parking,9.0
4900,1600.0,2.0,2.0,(a) in-unit,(a) both,(c) multi,(b) protected,9.0
3995,1800.0,4.0,2.0,(b) on-site,(a) both,(c) multi,(d) no parking,5.0
3995,1800.0,4.0,2.0,(b) on-site,(a) both,(c) multi,(d) no parking,9.0
3995,850.0,1.0,1.0,(b) on-site,(d) no pets,(c) multi,(d) no parking,7.0
4500,1700.0,2.0,2.0,(a) in-unit,(a) both,(c) multi,(d) no parking,7.0
2800,780.0,1.0,1.0,(b) on-site,(d) no pets,(c) multi,(b) protected,5.0
2800,790.0,1.0,1.0,(b) on-site,(d) no pets,(c) multi,(d) no parking,5.0
5300,1600.0,4.0,2.0,(b) on-site,(d) no pets,(a) single,(d) no parking,2.0
3575,1000.0,2.0,1.0,(b) on-site,(d) no pets,(c) multi,(d) no parking,8.0
3575,1000.0,2.0,1.0,(b) on-site,(d) no pets,(c) multi,(d) no parking,8.0
2195,450.0,0.0,1.0,(c) no laundry,(d) no pets,(c) multi,(d) no parking,9.0
7746,2450.0,4.0,3.5,(a) in-unit,(a) both,(c) multi,(b) protected,5.0
7746,2450.0,4.0,3.5,(a) in-unit,(a) both,(c) multi,(b) protected,5.0
2295,573.0,0.0,1.0,(b) on-site,(b) dogs,(c) multi,(d) no parking,8.0
5400,1600.0,3.0,2.0,(a) in-unit,(d) no pets,(c) multi,(d) no parking,7.0
2680,591.0,1.0,1.5,(a) in-unit,(a) both,(c) multi,(b) protected,9.0
3466,551.0,1.0,1.0,(a) in-unit,(a) both,(c) multi,(d) no parking,5.0
2595,627.0,1.0,1.0,(a) in-unit,(c) cats,(c) multi,(d) no parking,6.0
4200,1000.0,2.0,2.0,(a) in-unit,(d) no pets,(c) multi,(b) protected,2.0
1995,357.0,0.0,1.0,(a) in-unit,(c) cats,(c) multi,(d) no parking,6.0
3250,655.0,1.0,1.0,(a) in-unit,(a) both,(c) multi,(d) no parking,6.0
2075,346.0,0.0,1.0,(a) in-unit,(c) cats,(c) multi,(d) no parking,6.0
2075,346.0,0.0,1.0,(a) in-unit,(c) cats,(c) multi,(d) no parking,6.0
2986,503.0,1.0,1.0,(a) in-unit,(a) both,(c) multi,(a) valet,9.0
3190,840.0,2.0,1.0,(b) on-site,(c) cats,(c) multi,(d) no parking,8.0
4950,2000.0,4.0,2.5,(a) in-unit,(d) no pets,(c) multi,(b) protected,1.0
4495,1600.0,3.0,2.0,(a) in-unit,(d) no pets,(c) multi,(b) protected,1.0
2998,585.0,1.0,1.0,(a) in-unit,(a) both,(c) multi,(b) protected,9.0
2900,700.0,1.0,1.0,(b) on-site,(d) no pets,(c) multi,(d) no parking,7.0
1995,415.0,1.0,1.0,(c) no laundry,(c) cats,(c) multi,(b) protected,6.0
4100,1000.0,2.0,1.0,(a) in-unit,(a) both,(c) multi,(d) no parking,5.0
4750,1500.0,3.0,2.0,(b) on-site,(a) both,(c) multi,(b) protected,1.0
4536,914.0,2.0,1.0,(a) in-unit,(a) both,(c) multi,(b) protected,9.0
3775,1000.0,1.0,1.0,(b) on-site,(d) no pets,(c) multi,(b) protected,7.0
5695,1965.0,4.0,2.0,(b) on-site,(c) cats,(c) multi,(d) no parking,9.0
4495,1400.0,4.0,1.0,(a) in-unit,(a) both,(c) multi,(d) no parking,9.0
3295,850.0,1.0,1.0,(b) on-site,(c) cats,(c) multi,(b) protected,7.0
3000,950.0,1.0,1.0,(b) on-site,(d) no pets,(c) multi,(c) off-street,7.0
3295,800.0,1.0,1.0,(b) on-site,(d) no pets,(c) multi,(b) protected,7.0
3150,920.0,1.0,1.0,(b) on-site,(d) no pets,(c) multi,(b) protected,8.0
3550,1200.0,3.0,1.5,(a) in-unit,(d) no pets,(c) multi,(d) no parking,8.0
3450,950.0,2.0,2.0,(b) on-site,(d) no pets,(c) multi,(b) protected,8.0
2850,800.0,2.0,1.0,(c) no laundry,(d) no pets,(c) multi,(b) protected,2.0
2500,650.0,1.0,1.0,(b) on-site,(d) no pets,(c) multi,(b) protected,5.0
3950,985.0,1.0,1.0,(a) in-unit,(d) no pets,(c) multi,(b) protected,8.0
4695,1850.0,4.0,2.5,(a) in-unit,(d) no pets,(a) single,(b) protected,10.0
2995,700.0,1.0,1.0,(b) on-site,(d) no pets,(c) multi,(b) protected,9.0
7400,2208.0,5.0,2.0,(a) in-unit,(a) both,(c) multi,(d) no parking,7.0
2795,950.0,1.0,1.0,(b) on-site,(a) both,(c) multi,(d) no parking,8.0
7995,3000.0,2.0,2.0,(b) on-site,(a) both,(c) multi,(d) no parking,7.0
2882,796.0,1.0,1.0,(a) in-unit,(a) both,(c) multi,(b) protected,8.0
3800,1350.0,3.0,2.0,(b) on-site,(d) no pets,(c) multi,(d) no parking,2.0
2137,480.0,2.0,1.0,(b) on-site,(a) both,(c) multi,(d) no parking,8.0
2900,1000.0,2.0,1.0,(b) on-site,(d) no pets,(c) multi,(d) no parking,7.0
4000,1700.0,3.0,2.0,(a) in-unit,(d) no pets,(c) multi,(b) protected,9.0
2350,525.0,1.0,1.0,(b) on-site,(d) no pets,(c) multi,(b) protected,1.0
3500,1375.0,2.0,2.0,(a) in-unit,(d) no pets,(a) single,(b) protected,2.0
1950,700.0,0.0,1.0,(c) no laundry,(d) no pets,(c) multi,(d) no parking,8.0
2650,650.0,1.0,1.0,(c) no laundry,(c) cats,(c) multi,(d) no parking,8.0
2450,700.0,1.0,1.0,(b) on-site,(d) no pets,(c) multi,(d) no parking,7.0
3250,833.0,2.0,1.0,(a) in-unit,(a) both,(c) multi,(b) protected,9.0
2975,750.0,2.0,1.0,(b) on-site,(d) no pets,(c) multi,(b) protected,7.0
2975,880.0,2.0,1.0,(c) no laundry,(a) both,(c) multi,(d) no parking,8.0
6100,2000.0,3.0,2.0,(b) on-site,(d) no pets,(c) multi,(d) no parking,7.0
4800,2106.0,3.0,2.5,(a) in-unit,(a) both,(c) multi,(b) protected,9.0
3500,1000.0,2.0,1.0,(b) on-site,(d) no pets,(c) multi,(d) no parking,8.0
1950,600.0,1.0,1.0,(b) on-site,(d) no pets,(b) double,(d) no parking,2.0
5915,1783.0,3.0,3.0,(a) in-unit,(a) both,(c) multi,(d) no parking,8.0
1699,525.0,1.0,1.0,(c) no laundry,(d) no pets,(b) double,(d) no parking,1.0
3995,1000.0,2.0,2.0,(a) in-unit,(c) cats,(c) multi,(b) protected,5.0
3943,1452.0,3.0,2.5,(c) no laundry,(d) no pets,(c) multi,(d) no parking,10.0
2905,981.0,2.0,2.0,(a) in-unit,(a) both,(c) multi,(b) protected,10.0
3899,1102.0,2.0,2.0,(a) in-unit,(a) both,(c) multi,(d) no parking,9.0
3000,800.0,1.0,1.0,(c) no laundry,(c) cats,(c) multi,(c) off-street,1.0
2800,950.0,2.0,1.0,(b) on-site,(d) no pets,(c) multi,(d) no parking,7.0
2992,837.0,1.0,1.0,(a) in-unit,(a) both,(c) multi,(b) protected,9.0
4991,912.0,2.0,2.0,(c) no laundry,(d) no pets,(c) multi,(d) no parking,9.0
2750,627.0,1.0,1.0,(a) in-unit,(c) cats,(c) multi,(d) no parking,9.0
2850,800.0,1.0,1.0,(b) on-site,(d) no pets,(c) multi,(d) no parking,7.0
2100,550.0,0.0,1.0,(c) no laundry,(d) no pets,(c) multi,(d) no parking,7.0
3595,1000.0,2.0,1.0,(b) on-site,(d) no pets,(c) multi,(d) no parking,7.0
2685,596.0,1.0,1.0,(a) in-unit,(a) both,(c) multi,(b) protected,8.0
1775,320.0,0.0,1.0,(b) on-site,(d) no pets,(c) multi,(d) no parking,2.0
1795,450.0,0.0,1.0,(b) on-site,(a) both,(c) multi,(d) no parking,8.0
1800,500.0,0.0,1.0,(b) on-site,(d) no pets,(c) multi,(d) no parking,8.0
3500,700.0,2.0,2.0,(b) on-site,(a) both,(c) multi,(d) no parking,9.0
1700,307.0,1.0,1.0,(b) on-site,(d) no pets,(c) multi,(d) no parking,9.0
2395,700.0,1.0,1.0,(c) no laundry,(d) no pets,(c) multi,(d) no parking,5.0
2565,303.0,0.0,1.0,(b) on-site,(d) no pets,(c) multi,(d) no parking,9.0
5100,1250.0,3.0,1.0,(c) no laundry,(d) no pets,(c) multi,(d) no parking,8.0
4995,1236.0,3.0,2.0,(a) in-unit,(b) dogs,(c) multi,(b) protected,6.0
3150,800.0,1.0,1.0,(b) on-site,(d) no pets,(c) multi,(b) protected,9.0
3050,720.0,2.0,1.0,(a) in-unit,(c) cats,(a) single,(d) no parking,9.0
3000,744.0,1.0,1.0,(b) on-site,(a) both,(c) multi,(b) protected,4.0
3995,933.0,2.0,2.0,(a) in-unit,(a) both,(c) multi,(d) no parking,9.0
2700,900.0,3.0,1.0,(c) no laundry,(c) cats,(c) multi,(d) no parking,9.0
4500,1250.0,2.0,2.0,(a) in-unit,(d) no pets,(c) multi,(b) protected,9.0
2815,621.0,1.0,1.0,(a) in-unit,(a) both,(c) multi,(b) protected,6.0
3995,860.0,2.0,1.0,(a) in-unit,(a) both,(c) multi,(d) no parking,9.0
2800,700.0,2.0,1.0,(b) on-site,(d) no pets,(c) multi,(b) protected,6.0
2790,548.0,2.0,1.0,(b) on-site,(d) no pets,(c) multi,(d) no parking,8.0
2594,850.0,1.0,1.0,(b) on-site,(c) cats,(c) multi,(b) protected,7.0
2050,500.0,0.0,1.0,(c) no laundry,(d) no pets,(c) multi,(d) no parking,1.0
1600,289.0,0.0,1.0,(c) no laundry,(d) no pets,(c) multi,(d) no parking,6.0
5000,1600.0,3.0,2.0,(a) in-unit,(d) no pets,(c) multi,(d) no parking,5.0
9100,3200.0,5.0,3.0,(a) in-unit,(d) no pets,(a) single,(d) no parking,4.0
9000,2588.0,2.0,2.5,(a) in-unit,(d) no pets,(c) multi,(b) protected,8.0
3195,897.0,1.0,1.0,(b) on-site,(c) cats,(c) multi,(b) protected,5.0
2950,550.0,1.0,1.0,(a) in-unit,(d) no pets,(c) multi,(b) protected,9.0
2800,600.0,1.0,1.0,(a) in-unit,(a) both,(c) multi,(b) protected,8.0
4495,1500.0,3.0,2.0,(b) on-site,(a) both,(c) multi,(b) protected,5.0
3995,1400.0,3.0,1.5,(c) no laundry,(c) cats,(c) multi,(d) no parking,5.0
3400,1700.0,3.0,2.0,(b) on-site,(d) no pets,(c) multi,(b) protected,10.0
4995,1500.0,4.0,2.0,(b) on-site,(d) no pets,(c) multi,(d) no parking,8.0
2700,717.0,1.0,1.0,(c) no laundry,(d) no pets,(c) multi,(d) no parking,1.0
3250,901.0,1.0,2.0,(a) in-unit,(a) both,(c) multi,(b) protected,9.0
6800,1350.0,3.0,1.0,(b) on-site,(c) cats,(c) multi,(d) no parking,8.0
2500,350.0,0.0,1.0,(c) no laundry,(d) no pets,(c) multi,(d) no parking,8.0
2950,760.0,1.0,1.0,(a) in-unit,(a) both,(c) multi,(a) valet,8.0
4800,1050.0,3.0,3.0,(a) in-unit,(a) both,(c) multi,(d) no parking,9.0
3300,724.0,1.0,1.0,(a) in-unit,(a) both,(c) multi,(b) protected,9.0
2900,650.0,1.0,1.0,(b) on-site,(a) both,(c) multi,(d) no parking,5.0
3500,780.0,1.0,1.0,(a) in-unit,(a) both,(c) multi,(b) protected,9.0
3300,955.0,1.0,1.0,(b) on-site,(a) both,(c) multi,(b) protected,6.0
4500,1300.0,2.0,2.0,(b) on-site,(a) both,(c) multi,(b) protected,8.0
4305,1365.0,3.0,2.5,(a) in-unit,(a) both,(c) multi,(d) no parking,8.0
4495,1300.0,2.0,2.0,(b) on-site,(c) cats,(c) multi,(b) protected,7.0
3549,790.0,1.0,1.0,(a) in-unit,(a) both,(c) multi,(d) no parking,9.0
4300,1600.0,3.0,2.0,(b) on-site,(a) both,(c) multi,(b) protected,10.0
2099,525.0,0.0,1.0,(b) on-site,(a) both,(c) multi,(d) no parking,1.0
1600,410.0,0.0,1.0,(b) on-site,(d) no pets,(c) multi,(d) no parking,8.0
4675,1110.0,2.0,1.0,(a) in-unit,(d) no pets,(c) multi,(b) protected,7.0
2517,370.0,0.0,1.0,(b) on-site,(a) both,(c) multi,(d) no parking,9.0
2900,558.0,1.0,1.0,(a) in-unit,(d) no pets,(c) multi,(d) no parking,9.0
2995,609.0,1.0,1.0,(b) on-site,(d) no pets,(c) multi,(b) protected,9.0
6999,1925.0,5.0,2.0,(a) in-unit,(c) cats,(c) multi,(d) no parking,7.0
4900,1303.0,3.0,1.0,(a) in-unit,(a) both,(c) multi,(d) no parking,9.0
2880,750.0,2.0,1.0,(a) in-unit,(b) dogs,(c) multi,(d) no parking,1.0
2995,670.0,1.0,1.0,(a) in-unit,(c) cats,(c) multi,(d) no parking,9.0
4500,1450.0,2.0,2.0,(b) on-site,(a) both,(c) multi,(b) protected,8.0
4500,1450.0,2.0,2.0,(b) on-site,(a) both,(c) multi,(b) protected,8.0
3990,500.0,1.0,1.0,(a) in-unit,(a) both,(c) multi,(b) protected,9.0
2300,600.0,1.0,1.0,(b) on-site,(d) no pets,(c) multi,(d) no parking,10.0
7500,2500.0,6.0,2.5,(a) in-unit,(d) no pets,(c) multi,(d) no parking,9.0
3290,486.0,0.0,1.0,(a) in-unit,(a) both,(c) multi,(b) protected,9.0
3090,470.0,0.0,1.0,(a) in-unit,(a) both,(c) multi,(b) protected,9.0
5290,1442.0,2.0,2.0,(a) in-unit,(a) both,(c) multi,(b) protected,9.0
3995,1072.0,2.0,2.0,(b) on-site,(d) no pets,(c) multi,(b) protected,8.0
2990,640.0,1.0,1.0,(a) in-unit,(a) both,(c) multi,(b) protected,9.0
2790,588.0,1.0,1.0,(a) in-unit,(a) both,(c) multi,(b) protected,9.0
4590,1050.0,2.0,1.0,(a) in-unit,(a) both,(c) multi,(b) protected,8.0
4790,1043.0,2.0,2.0,(a) in-unit,(a) both,(c) multi,(b) protected,9.0
5790,1376.0,2.0,2.0,(a) in-unit,(a) both,(c) multi,(b) protected,9.0
3990,845.0,1.0,1.0,(a) in-unit,(a) both,(c) multi,(b) protected,9.0
2890,486.0,0.0,1.0,(a) in-unit,(a) both,(c) multi,(b) protected,9.0
2490,460.0,0.0,1.0,(b) on-site,(a) both,(c) multi,(b) protected,9.0
3690,1044.0,2.0,2.0,(a) in-unit,(a) both,(c) multi,(b) protected,9.0
3990,736.0,1.0,1.0,(a) in-unit,(a) both,(c) multi,(b) protected,9.0
2450,530.0,1.0,1.0,(a) in-unit,(d) no pets,(c) multi,(b) protected,9.0
1300,250.0,0.0,1.0,(c) no laundry,(d) no pets,(c) multi,(d) no parking,10.0
5200,1440.0,3.0,2.0,(c) no laundry,(d) no pets,(c) multi,(b) protected,8.0
1400,350.0,0.0,1.0,(a) in-unit,(d) no pets,(c) multi,(c) off-street,10.0
1400,300.0,0.0,1.0,(a) in-unit,(d) no pets,(c) multi,(c) off-street,10.0
1400,320.0,0.0,1.0,(b) on-site,(d) no pets,(c) multi,(d) no parking,10.0
4595,1100.0,3.0,1.0,(b) on-site,(d) no pets,(c) multi,(d) no parking,8.0
3250,950.0,2.0,1.0,(c) no laundry,(d) no pets,(c) multi,(d) no parking,7.0
1995,550.0,1.0,1.0,(b) on-site,(c) cats,(c) multi,(b) protected,2.0
3840,799.0,2.0,2.0,(b) on-site,(a) both,(c) multi,(b) protected,5.0
3250,800.0,2.0,1.0,(c) no laundry,(d) no pets,(c) multi,(d) no parking,9.0
7000,2012.0,3.0,2.0,(a) in-unit,(d) no pets,(a) single,(b) protected,5.0
4800,1450.0,2.0,2.0,(a) in-unit,(a) both,(c) multi,(b) protected,8.0
5400,1250.0,3.0,1.5,(b) on-site,(c) cats,(c) multi,(d) no parking,5.0
4500,1500.0,3.0,2.0,(a) in-unit,(a) both,(c) multi,(b) protected,9.0
4750,1561.0,3.0,1.0,(a) in-unit,(d) no pets,(c) multi,(b) protected,6.0
3995,850.0,1.0,1.0,(a) in-unit,(d) no pets,(c) multi,(d) no parking,5.0
3650,838.0,1.0,1.5,(a) in-unit,(d) no pets,(c) multi,(b) protected,9.0
2100,400.0,1.0,1.0,(b) on-site,(c) cats,(c) multi,(d) no parking,5.0
4500,1023.0,1.0,1.0,(a) in-unit,(a) both,(c) multi,(d) no parking,7.0
4750,1038.0,1.0,1.0,(a) in-unit,(c) cats,(c) multi,(d) no parking,7.0
4295,940.0,2.0,2.0,(a) in-unit,(a) both,(c) multi,(d) no parking,6.0
2617,650.0,1.0,1.0,(a) in-unit,(a) both,(c) multi,(d) no parking,9.0
2600,800.0,1.0,1.0,(a) in-unit,(c) cats,(c) multi,(d) no parking,8.0
2950,600.0,1.0,1.0,(b) on-site,(a) both,(c) multi,(d) no parking,6.0
2800,700.0,1.0,1.0,(a) in-unit,(c) cats,(c) multi,(d) no parking,8.0
2795,450.0,1.0,1.0,(b) on-site,(d) no pets,(c) multi,(d) no parking,7.0
1995,450.0,0.0,1.0,(b) on-site,(d) no pets,(c) multi,(d) no parking,9.0
3495,1700.0,3.0,1.0,(c) no laundry,(d) no pets,(c) multi,(d) no parking,9.0
2950,1000.0,2.0,1.0,(a) in-unit,(d) no pets,(c) multi,(d) no parking,5.0
3895,850.0,3.0,1.0,(a) in-unit,(a) both,(c) multi,(d) no parking,5.0
1995,400.0,0.0,1.0,(c) no laundry,(d) no pets,(c) multi,(d) no parking,9.0
2550,750.0,1.0,1.0,(c) no laundry,(d) no pets,(c) multi,(c) off-street,1.0
2299,550.0,0.0,1.0,(b) on-site,(a) both,(c) multi,(d) no parking,6.0
2495,900.0,1.0,1.0,(b) on-site,(c) cats,(c) multi,(d) no parking,2.0
3700,1050.0,2.0,1.0,(b) on-site,(a) both,(c) multi,(b) protected,7.0
4399,1349.0,1.0,1.0,(a) in-unit,(d) no pets,(c) multi,(d) no parking,9.0
4500,1500.0,4.0,2.0,(b) on-site,(a) both,(c) multi,(d) no parking,9.0
3975,925.0,1.0,1.0,(a) in-unit,(b) dogs,(c) multi,(b) protected,8.0
1290,240.0,1.0,1.0,(c) no laundry,(d) no pets,(c) multi,(d) no parking,1.0
5000,1250.0,2.0,2.0,(a) in-unit,(a) both,(c) multi,(b) protected,6.0
2040,840.0,2.0,1.5,(a) in-unit,(a) both,(c) multi,(d) no parking,5.0
6950,1700.0,5.0,2.0,(a) in-unit,(d) no pets,(c) multi,(c) off-street,5.0
1780,300.0,1.0,1.0,(b) on-site,(c) cats,(c) multi,(d) no parking,8.0
4550,1000.0,2.0,2.0,(b) on-site,(a) both,(c) multi,(d) no parking,7.0
4750,1235.0,2.0,2.5,(a) in-unit,(c) cats,(c) multi,(b) protected,6.0
2595,1000.0,2.0,1.0,(c) no laundry,(d) no pets,(c) multi,(d) no parking,8.0
3950,1600.0,3.0,1.5,(b) on-site,(d) no pets,(a) single,(b) protected,10.0
2900,980.0,2.0,1.0,(c) no laundry,(a) both,(c) multi,(d) no parking,9.0
3450,950.0,2.0,2.0,(a) in-unit,(c) cats,(c) multi,(d) no parking,9.0
2250,550.0,0.0,1.0,(b) on-site,(c) cats,(c) multi,(d) no parking,6.0
5000,1770.0,2.0,2.5,(a) in-unit,(a) both,(c) multi,(b) protected,9.0
2349,620.0,1.0,1.0,(a) in-unit,(c) cats,(c) multi,(d) no parking,8.0
2066,549.0,0.0,1.0,(a) in-unit,(a) both,(c) multi,(d) no parking,8.0
3200,1200.0,2.0,2.0,(a) in-unit,(a) both,(c) multi,(b) protected,9.0
3898,1098.0,1.0,1.0,(b) on-site,(d) no pets,(c) multi,(b) protected,7.0
4200,1400.0,3.0,1.0,(a) in-unit,(d) no pets,(c) multi,(d) no parking,7.0
6500,1321.0,2.0,2.0,(a) in-unit,(b) dogs,(c) multi,(b) protected,9.0
4648,1313.0,2.0,2.0,(a) in-unit,(d) no pets,(c) multi,(b) protected,9.0
4400,1167.0,2.0,1.0,(c) no laundry,(d) no pets,(c) multi,(d) no parking,9.0
7200,1274.0,2.0,2.0,(a) in-unit,(d) no pets,(c) multi,(b) protected,9.0
3500,814.0,1.0,1.0,(a) in-unit,(d) no pets,(c) multi,(b) protected,9.0
1800,500.0,0.0,1.0,(c) no laundry,(d) no pets,(c) multi,(d) no parking,8.0
4195,1200.0,2.0,1.5,(a) in-unit,(a) both,(c) multi,(d) no parking,5.0
2800,601.0,1.0,1.0,(a) in-unit,(a) both,(c) multi,(b) protected,8.0
4000,900.0,2.0,1.0,(b) on-site,(a) both,(c) multi,(d) no parking,9.0
3135,621.0,1.0,1.0,(a) in-unit,(a) both,(c) multi,(d) no parking,6.0
2511,647.0,1.0,1.0,(a) in-unit,(a) both,(c) multi,(a) valet,9.0
3500,781.0,1.0,1.0,(a) in-unit,(d) no pets,(c) multi,(b) protected,8.0
4595,1182.0,2.0,2.0,(a) in-unit,(a) both,(c) multi,(b) protected,9.0
3900,1163.0,2.0,2.0,(a) in-unit,(a) both,(c) multi,(b) protected,9.0
2800,650.0,2.0,1.0,(c) no laundry,(d) no pets,(b) double,(d) no parking,1.0
2895,491.0,1.0,1.0,(a) in-unit,(a) both,(c) multi,(d) no parking,5.0
3588,854.0,1.0,1.0,(a) in-unit,(d) no pets,(c) multi,(a) valet,9.0
3271,860.0,1.0,2.0,(a) in-unit,(a) both,(c) multi,(a) valet,9.0
1995,300.0,1.0,1.0,(b) on-site,(a) both,(c) multi,(d) no parking,9.0
2746,516.0,1.0,1.0,(a) in-unit,(a) both,(c) multi,(b) protected,9.0
2500,500.0,1.0,1.0,(a) in-unit,(d) no pets,(c) multi,(d) no parking,5.0
2400,440.0,1.0,1.0,(b) on-site,(c) cats,(c) multi,(d) no parking,7.0
1300,150.0,0.0,1.0,(b) on-site,(d) no pets,(b) double,(d) no parking,2.0
4700,1750.0,2.0,2.0,(a) in-unit,(d) no pets,(c) multi,(b) protected,9.0
2996,895.0,2.0,2.0,(b) on-site,(a) both,(c) multi,(b) protected,8.0
3800,873.0,1.0,1.0,(a) in-unit,(b) dogs,(c) multi,(a) valet,9.0
3725,855.0,1.0,1.0,(c) no laundry,(d) no pets,(c) multi,(d) no parking,9.0
3378,920.0,1.0,1.0,(a) in-unit,(d) no pets,(c) multi,(a) valet,9.0
5200,1191.0,2.0,2.0,(a) in-unit,(d) no pets,(c) multi,(a) valet,9.0
3395,1100.0,2.0,2.0,(a) in-unit,(a) both,(c) multi,(b) protected,9.0
2600,850.0,1.0,1.0,(a) in-unit,(d) no pets,(c) multi,(d) no parking,5.0
2650,700.0,1.0,1.0,(b) on-site,(d) no pets,(c) multi,(d) no parking,4.0
3200,1000.0,1.0,1.0,(b) on-site,(d) no pets,(c) multi,(d) no parking,7.0
2945,975.0,1.0,1.0,(b) on-site,(d) no pets,(c) multi,(b) protected,7.0
4075,1010.0,2.0,2.0,(a) in-unit,(a) both,(c) multi,(d) no parking,5.0
4500,1140.0,2.0,2.0,(a) in-unit,(d) no pets,(c) multi,(b) protected,9.0
3700,1100.0,2.0,1.0,(b) on-site,(c) cats,(c) multi,(d) no parking,8.0
2900,850.0,2.0,1.0,(c) no laundry,(d) no pets,(c) multi,(b) protected,6.0
2995,936.0,2.0,1.0,(b) on-site,(d) no pets,(c) multi,(d) no parking,9.0
4500,1100.0,3.0,1.5,(a) in-unit,(d) no pets,(c) multi,(d) no parking,5.0
3900,1200.0,3.0,2.0,(b) on-site,(d) no pets,(c) multi,(d) no parking,6.0
5250,1600.0,3.0,2.0,(a) in-unit,(d) no pets,(c) multi,(b) protected,8.0
1700,950.0,1.0,1.0,(a) in-unit,(d) no pets,(c) multi,(d) no parking,10.0
2650,1050.0,1.0,1.0,(c) no laundry,(d) no pets,(c) multi,(d) no parking,9.0
2000,700.0,0.0,1.0,(b) on-site,(d) no pets,(c) multi,(b) protected,7.0
4495,1005.0,2.0,1.0,(b) on-site,(a) both,(c) multi,(c) off-street,7.0
2745,950.0,1.0,2.0,(a) in-unit,(a) both,(c) multi,(b) protected,9.0
5500,1200.0,1.0,2.0,(a) in-unit,(a) both,(c) multi,(b) protected,9.0
2995,1200.0,2.0,1.0,(c) no laundry,(d) no pets,(c) multi,(d) no parking,8.0
3775,1000.0,1.0,1.0,(b) on-site,(d) no pets,(c) multi,(d) no parking,7.0
3100,950.0,1.0,1.0,(b) on-site,(d) no pets,(c) multi,(d) no parking,7.0
1995,400.0,0.0,1.0,(b) on-site,(d) no pets,(c) multi,(b) protected,9.0
3875,1200.0,3.0,1.0,(a) in-unit,(d) no pets,(c) multi,(d) no parking,9.0
3195,1200.0,2.0,1.0,(c) no laundry,(d) no pets,(c) multi,(d) no parking,8.0
5566,1022.0,2.0,2.0,(a) in-unit,(a) both,(c) multi,(d) no parking,5.0
4500,1000.0,1.0,1.5,(b) on-site,(b) dogs,(c) multi,(b) protected,7.0
2695,900.0,1.0,1.0,(b) on-site,(d) no pets,(c) multi,(b) protected,1.0
1875,450.0,0.0,1.0,(b) on-site,(d) no pets,(c) multi,(d) no parking,8.0
1800,440.0,0.0,1.0,(b) on-site,(d) no pets,(c) multi,(d) no parking,8.0
2050,700.0,1.0,1.0,(b) on-site,(d) no pets,(c) multi,(d) no parking,5.0
3000,725.0,1.0,1.5,(b) on-site,(d) no pets,(c) multi,(b) protected,8.0
3395,800.0,1.0,1.0,(b) on-site,(d) no pets,(c) multi,(d) no parking,7.0
2400,500.0,0.0,1.0,(b) on-site,(d) no pets,(c) multi,(b) protected,5.0
1799,550.0,0.0,1.0,(b) on-site,(d) no pets,(c) multi,(b) protected,8.0
2600,700.0,1.0,1.0,(b) on-site,(d) no pets,(c) multi,(d) no parking,1.0
3625,782.0,1.0,1.0,(b) on-site,(b) dogs,(c) multi,(b) protected,8.0
7900,1400.0,4.0,4.0,(a) in-unit,(d) no pets,(c) multi,(d) no parking,5.0
3295,1000.0,2.0,2.0,(b) on-site,(d) no pets,(c) multi,(d) no parking,7.0
1750,450.0,0.0,1.0,(b) on-site,(d) no pets,(c) multi,(d) no parking,8.0
7800,3000.0,2.0,2.0,(a) in-unit,(a) both,(c) multi,(d) no parking,7.0
8750,2490.0,2.0,3.0,(a) in-unit,(a) both,(c) multi,(a) valet,8.0
8750,2490.0,2.0,3.0,(a) in-unit,(a) both,(c) multi,(a) valet,8.0
3100,770.0,1.0,1.0,(a) in-unit,(d) no pets,(c) multi,(d) no parking,9.0
6800,2250.0,4.0,2.0,(a) in-unit,(a) both,(a) single,(b) protected,5.0
3500,1047.0,2.0,2.0,(a) in-unit,(a) both,(c) multi,(b) protected,6.0
4150,844.0,2.0,2.0,(a) in-unit,(d) no pets,(c) multi,(b) protected,9.0
1900,350.0,1.0,1.0,(b) on-site,(d) no pets,(b) double,(d) no parking,3.0
2595,1100.0,2.0,1.0,(b) on-site,(d) no pets,(c) multi,(d) no parking,10.0
3869,1286.0,2.0,2.0,(a) in-unit,(a) both,(c) multi,(d) no parking,9.0
7200,2100.0,1.0,2.0,(c) no laundry,(a) both,(c) multi,(d) no parking,9.0
2906,748.0,1.0,1.0,(a) in-unit,(a) both,(c) multi,(d) no parking,9.0
3480,1410.0,2.0,2.0,(a) in-unit,(d) no pets,(c) multi,(b) protected,9.0
2995,650.0,1.0,1.0,(b) on-site,(c) cats,(c) multi,(d) no parking,8.0
12500,2250.0,2.0,2.5,(a) in-unit,(a) both,(c) multi,(a) valet,9.0
3895,950.0,2.0,1.0,(b) on-site,(a) both,(c) multi,(d) no parking,1.0
2095,550.0,2.0,1.0,(c) no laundry,(a) both,(c) multi,(d) no parking,8.0
4100,1240.0,2.0,1.0,(b) on-site,(d) no pets,(a) single,(c) off-street,9.0
2600,500.0,1.0,1.0,(b) on-site,(d) no pets,(c) multi,(d) no parking,7.0
4500,1140.0,4.0,2.0,(a) in-unit,(a) both,(c) multi,(d) no parking,7.0
1600,425.0,0.0,1.0,(b) on-site,(d) no pets,(c) multi,(d) no parking,8.0
2395,562.0,0.0,1.0,(b) on-site,(d) no pets,(c) multi,(d) no parking,8.0
5500,1180.0,2.0,2.0,(a) in-unit,(d) no pets,(c) multi,(a) valet,9.0
5000,1180.0,2.0,2.0,(a) in-unit,(a) both,(c) multi,(a) valet,9.0
4500,1107.0,2.0,2.0,(b) on-site,(d) no pets,(c) multi,(a) valet,9.0
3300,916.0,1.0,1.0,(a) in-unit,(d) no pets,(c) multi,(b) protected,9.0
4250,1163.0,2.0,2.0,(a) in-unit,(d) no pets,(c) multi,(b) protected,9.0
5450,1240.0,2.0,2.0,(a) in-unit,(d) no pets,(c) multi,(b) protected,9.0
7800,1572.0,2.0,2.0,(a) in-unit,(d) no pets,(c) multi,(a) valet,9.0
5000,1340.0,2.0,2.0,(a) in-unit,(d) no pets,(c) multi,(b) protected,9.0
4500,969.0,2.0,2.0,(a) in-unit,(d) no pets,(c) multi,(d) no parking,7.0
2850,760.0,1.0,1.0,(a) in-unit,(a) both,(c) multi,(a) valet,9.0
4500,916.0,2.0,2.0,(a) in-unit,(d) no pets,(c) multi,(b) protected,7.0
2700,700.0,1.0,1.0,(a) in-unit,(d) no pets,(c) multi,(b) protected,9.0
5500,1403.0,2.0,2.0,(a) in-unit,(d) no pets,(c) multi,(a) valet,9.0
2400,665.0,1.0,1.0,(a) in-unit,(d) no pets,(c) multi,(d) no parking,9.0
1980,572.0,1.0,1.0,(a) in-unit,(a) both,(c) multi,(b) protected,10.0
2075,675.0,1.0,1.0,(a) in-unit,(a) both,(c) multi,(b) protected,10.0
4000,1265.0,2.0,2.0,(a) in-unit,(d) no pets,(c) multi,(a) valet,9.0
4150,1098.0,1.0,1.5,(a) in-unit,(a) both,(c) multi,(b) protected,9.0
4375,1479.0,2.0,2.0,(a) in-unit,(d) no pets,(c) multi,(b) protected,9.0
5100,1356.0,2.0,2.0,(a) in-unit,(d) no pets,(c) multi,(a) valet,9.0
2500,1000.0,1.0,1.0,(b) on-site,(c) cats,(c) multi,(d) no parking,8.0
3995,1900.0,3.0,2.0,(a) in-unit,(a) both,(a) single,(d) no parking,8.0
6000,2300.0,3.0,2.0,(b) on-site,(d) no pets,(c) multi,(b) protected,7.0
5495,1250.0,2.0,1.0,(b) on-site,(d) no pets,(c) multi,(c) off-street,7.0
2400,1050.0,1.0,1.0,(a) in-unit,(d) no pets,(c) multi,(d) no parking,5.0
4700,1850.0,4.0,2.5,(b) on-site,(d) no pets,(c) multi,(b) protected,1.0
2900,538.0,1.0,1.0,(a) in-unit,(a) both,(c) multi,(b) protected,9.0
4275,1517.0,2.0,2.0,(a) in-unit,(a) both,(c) multi,(a) valet,9.0
4500,1600.0,2.0,2.0,(a) in-unit,(a) both,(c) multi,(b) protected,9.0
3600,630.0,2.0,1.0,(a) in-unit,(d) no pets,(c) multi,(b) protected,9.0
3000,980.0,2.0,1.0,(b) on-site,(a) both,(c) multi,(d) no parking,9.0
3095,750.0,1.0,1.0,(b) on-site,(d) no pets,(c) multi,(b) protected,9.0
3650,1014.0,2.0,1.0,(a) in-unit,(c) cats,(c) multi,(d) no parking,9.0
3975,1100.0,2.0,2.5,(a) in-unit,(d) no pets,(c) multi,(d) no parking,9.0
4500,1850.0,4.0,2.5,(b) on-site,(d) no pets,(c) multi,(b) protected,1.0
2300,600.0,1.0,1.0,(b) on-site,(a) both,(c) multi,(b) protected,2.0
1965,595.0,1.0,1.0,(a) in-unit,(a) both,(c) multi,(d) no parking,8.0
3655,1000.0,2.0,2.0,(a) in-unit,(a) both,(c) multi,(b) protected,9.0
3200,650.0,1.0,1.0,(a) in-unit,(a) both,(c) multi,(d) no parking,6.0
5500,1327.0,3.0,2.0,(a) in-unit,(a) both,(c) multi,(b) protected,6.0
5995,1400.0,2.0,2.0,(a) in-unit,(c) cats,(c) multi,(b) protected,5.0
3260,1400.0,2.0,1.5,(a) in-unit,(d) no pets,(c) multi,(b) protected,9.0
4500,1536.0,3.0,2.0,(c) no laundry,(a) both,(a) single,(b) protected,3.0
2750,970.0,2.0,1.0,(a) in-unit,(c) cats,(c) multi,(b) protected,10.0
4000,1800.0,2.0,2.5,(a) in-unit,(c) cats,(c) multi,(b) protected,9.0
3750,1350.0,2.0,1.0,(a) in-unit,(d) no pets,(a) single,(b) protected,9.0
2800,717.0,1.0,1.0,(c) no laundry,(d) no pets,(c) multi,(d) no parking,1.0
1950,375.0,0.0,1.0,(c) no laundry,(d) no pets,(c) multi,(b) protected,2.0
1495,450.0,0.0,1.0,(b) on-site,(d) no pets,(c) multi,(d) no parking,8.0
3495,650.0,1.0,1.0,(b) on-site,(a) both,(c) multi,(b) protected,7.0
4500,1125.0,2.0,1.0,(a) in-unit,(a) both,(a) single,(b) protected,5.0
2395,700.0,1.0,1.0,(b) on-site,(d) no pets,(c) multi,(b) protected,5.0
3550,920.0,2.0,2.0,(a) in-unit,(a) both,(c) multi,(b) protected,9.0
3395,900.0,1.0,1.0,(a) in-unit,(b) dogs,(c) multi,(b) protected,8.0
2725,501.0,1.0,1.0,(a) in-unit,(a) both,(c) multi,(b) protected,6.0
4300,1000.0,3.0,1.0,(a) in-unit,(d) no pets,(c) multi,(d) no parking,8.0
4500,900.0,3.0,1.0,(a) in-unit,(d) no pets,(a) single,(c) off-street,7.0
3650,750.0,3.0,2.0,(b) on-site,(d) no pets,(c) multi,(d) no parking,1.0
3400,1391.0,3.0,2.5,(a) in-unit,(d) no pets,(c) multi,(b) protected,10.0
1749,260.0,0.0,1.0,(b) on-site,(d) no pets,(c) multi,(d) no parking,8.0
2995,700.0,2.0,1.0,(b) on-site,(d) no pets,(c) multi,(b) protected,1.0
3000,840.0,1.0,1.0,(b) on-site,(d) no pets,(c) multi,(d) no parking,7.0
2500,650.0,1.0,1.0,(b) on-site,(d) no pets,(c) multi,(b) protected,1.0
5875,1350.0,4.0,2.0,(b) on-site,(d) no pets,(c) multi,(b) protected,6.0
5295,745.0,2.0,2.0,(a) in-unit,(d) no pets,(c) multi,(d) no parking,9.0
4995,782.0,2.0,2.0,(a) in-unit,(d) no pets,(c) multi,(d) no parking,9.0
2499,650.0,2.0,1.0,(b) on-site,(d) no pets,(b) double,(d) no parking,2.0
4150,1100.0,1.0,1.5,(c) no laundry,(a) both,(c) multi,(d) no parking,7.0
2395,506.0,1.0,1.0,(b) on-site,(d) no pets,(c) multi,(d) no parking,8.0
2650,825.0,2.0,1.0,(b) on-site,(d) no pets,(c) multi,(d) no parking,1.0
3450,1000.0,3.0,1.0,(b) on-site,(c) cats,(c) multi,(c) off-street,8.0
2100,429.0,0.0,1.0,(b) on-site,(d) no pets,(c) multi,(d) no parking,8.0
2195,413.0,0.0,1.0,(b) on-site,(d) no pets,(c) multi,(d) no parking,5.0
1950,460.0,0.0,1.0,(b) on-site,(c) cats,(c) multi,(d) no parking,8.0
3900,681.0,2.0,2.0,(a) in-unit,(d) no pets,(c) multi,(d) no parking,8.0
1895,464.0,0.0,1.0,(b) on-site,(d) no pets,(c) multi,(d) no parking,8.0
1895,430.0,0.0,1.0,(b) on-site,(d) no pets,(c) multi,(d) no parking,8.0
2200,429.0,0.0,1.0,(b) on-site,(d) no pets,(c) multi,(d) no parking,8.0
4400,1450.0,3.0,2.0,(a) in-unit,(d) no pets,(c) multi,(d) no parking,5.0
3700,1000.0,2.0,1.0,(a) in-unit,(d) no pets,(c) multi,(d) no parking,7.0
2995,765.0,1.0,1.0,(c) no laundry,(c) cats,(c) multi,(b) protected,5.0
3900,1200.0,3.0,1.0,(b) on-site,(d) no pets,(c) multi,(d) no parking,8.0
4195,900.0,2.0,2.0,(c) no laundry,(d) no pets,(c) multi,(d) no parking,8.0
3100,650.0,1.0,1.0,(b) on-site,(d) no pets,(c) multi,(b) protected,8.0
4275,1000.0,2.0,1.0,(a) in-unit,(a) both,(c) multi,(b) protected,5.0
4275,1000.0,2.0,1.0,(a) in-unit,(a) both,(c) multi,(b) protected,5.0
2700,660.0,1.0,1.0,(a) in-unit,(d) no pets,(c) multi,(d) no parking,8.0
2950,850.0,2.0,1.0,(b) on-site,(a) both,(c) multi,(b) protected,9.0
3500,650.0,1.0,1.0,(b) on-site,(d) no pets,(c) multi,(b) protected,8.0
3500,837.0,1.0,1.0,(a) in-unit,(d) no pets,(c) multi,(a) valet,9.0
5600,1238.0,2.0,2.0,(a) in-unit,(d) no pets,(c) multi,(a) valet,9.0
3950,605.0,1.0,1.0,(a) in-unit,(d) no pets,(c) multi,(a) valet,9.0
2600,580.0,1.0,1.0,(c) no laundry,(c) cats,(c) multi,(d) no parking,2.0
3450,900.0,1.0,1.0,(b) on-site,(a) both,(c) multi,(b) protected,1.0
2750,550.0,1.0,1.0,(b) on-site,(d) no pets,(c) multi,(d) no parking,2.0
2280,524.0,1.0,1.0,(a) in-unit,(a) both,(c) multi,(d) no parking,8.0
2100,600.0,1.0,1.0,(b) on-site,(d) no pets,(c) multi,(d) no parking,2.0
2570,615.0,1.0,1.0,(b) on-site,(a) both,(c) multi,(c) off-street,5.0
2695,725.0,1.0,1.0,(c) no laundry,(d) no pets,(c) multi,(d) no parking,7.0
2500,550.0,1.0,1.0,(b) on-site,(b) dogs,(c) multi,(d) no parking,2.0
2895,800.0,1.0,1.0,(b) on-site,(a) both,(c) multi,(d) no parking,1.0
2800,600.0,1.0,1.0,(a) in-unit,(d) no pets,(c) multi,(d) no parking,9.0
3066,530.0,1.0,1.0,(c) no laundry,(d) no pets,(c) multi,(d) no parking,9.0
3995,800.0,1.0,1.0,(b) on-site,(a) both,(c) multi,(b) protected,7.0
3500,800.0,1.0,1.0,(b) on-site,(d) no pets,(c) multi,(c) off-street,7.0
4125,1095.0,2.0,2.0,(a) in-unit,(d) no pets,(c) multi,(b) protected,9.0
3300,605.0,1.0,1.0,(a) in-unit,(a) both,(c) multi,(a) valet,9.0
3500,690.0,1.0,1.0,(a) in-unit,(d) no pets,(c) multi,(b) protected,5.0
3300,970.0,1.0,1.0,(a) in-unit,(d) no pets,(c) multi,(b) protected,9.0
2675,700.0,1.0,1.0,(c) no laundry,(a) both,(c) multi,(d) no parking,9.0
3475,750.0,1.0,1.0,(c) no laundry,(a) both,(c) multi,(d) no parking,9.0
2800,800.0,1.0,1.0,(a) in-unit,(d) no pets,(c) multi,(b) protected,8.0
5595,1800.0,4.0,2.0,(b) on-site,(a) both,(c) multi,(d) no parking,5.0
2050,350.0,0.0,1.0,(c) no laundry,(d) no pets,(c) multi,(b) protected,9.0
1995,350.0,0.0,1.0,(c) no laundry,(d) no pets,(c) multi,(b) protected,9.0
7900,1500.0,2.0,2.0,(a) in-unit,(d) no pets,(c) multi,(b) protected,8.0
3395,900.0,1.0,1.0,(a) in-unit,(d) no pets,(c) multi,(b) protected,7.0
5000,1300.0,2.0,2.0,(b) on-site,(a) both,(c) multi,(b) protected,7.0
3395,900.0,1.0,1.0,(a) in-unit,(d) no pets,(c) multi,(b) protected,8.0
2550,610.0,1.0,1.0,(a) in-unit,(d) no pets,(c) multi,(b) protected,9.0
2095,800.0,1.0,1.0,(c) no laundry,(a) both,(c) multi,(d) no parking,9.0
3995,950.0,2.0,2.0,(b) on-site,(d) no pets,(c) multi,(b) protected,7.0
3995,950.0,2.0,1.0,(b) on-site,(d) no pets,(c) multi,(b) protected,7.0
3495,900.0,1.0,1.0,(b) on-site,(d) no pets,(c) multi,(c) off-street,7.0
3951,761.0,2.0,1.0,(a) in-unit,(a) both,(c) multi,(b) protected,9.0
4202,850.0,2.0,2.0,(a) in-unit,(a) both,(c) multi,(b) protected,9.0
2040,840.0,2.0,1.5,(a) in-unit,(a) both,(c) multi,(d) no parking,5.0
2750,725.0,1.0,1.0,(b) on-site,(a) both,(c) multi,(d) no parking,9.0
3750,901.0,2.0,2.0,(a) in-unit,(d) no pets,(c) multi,(b) protected,9.0
3495,622.0,1.0,1.0,(a) in-unit,(d) no pets,(c) multi,(b) protected,8.0
2075,500.0,0.0,1.0,(b) on-site,(a) both,(c) multi,(d) no parking,7.0
3450,1100.0,2.0,1.0,(b) on-site,(d) no pets,(c) multi,(d) no parking,1.0
2995,621.0,1.0,1.0,(b) on-site,(d) no pets,(c) multi,(b) protected,8.0
1500,550.0,1.0,1.0,(a) in-unit,(d) no pets,(b) double,(d) no parking,2.0
1795,300.0,1.0,1.0,(b) on-site,(a) both,(b) double,(d) no parking,3.0
3200,500.0,1.0,1.0,(b) on-site,(a) both,(c) multi,(b) protected,2.0
2390,800.0,1.0,1.0,(c) no laundry,(d) no pets,(c) multi,(d) no parking,1.0
3370,800.0,1.0,1.0,(b) on-site,(d) no pets,(c) multi,(b) protected,8.0
1895,500.0,1.0,1.0,(a) in-unit,(d) no pets,(c) multi,(d) no parking,10.0
1675,350.0,0.0,1.0,(b) on-site,(d) no pets,(c) multi,(d) no parking,2.0
4990,1655.0,3.0,2.0,(a) in-unit,(d) no pets,(a) single,(b) protected,9.0
4250,600.0,2.0,2.0,(a) in-unit,(d) no pets,(c) multi,(d) no parking,5.0
2733,763.0,1.0,1.0,(a) in-unit,(a) both,(c) multi,(b) protected,9.0
3044,751.0,1.0,1.0,(a) in-unit,(a) both,(c) multi,(d) no parking,9.0
2795,650.0,2.0,1.0,(a) in-unit,(d) no pets,(c) multi,(d) no parking,8.0
1895,500.0,1.0,1.0,(c) no laundry,(a) both,(c) multi,(d) no parking,8.0
3395,1000.0,2.0,1.0,(a) in-unit,(d) no pets,(c) multi,(d) no parking,8.0
2190,600.0,1.0,1.0,(b) on-site,(d) no pets,(c) multi,(d) no parking,5.0
3500,1400.0,3.0,2.0,(a) in-unit,(c) cats,(c) multi,(b) protected,3.0
3200,1215.0,2.0,2.0,(c) no laundry,(a) both,(c) multi,(b) protected,9.0
3995,1650.0,3.0,2.0,(b) on-site,(a) both,(c) multi,(b) protected,3.0
4300,1300.0,3.0,2.0,(a) in-unit,(a) both,(c) multi,(d) no parking,9.0
3595,916.0,2.0,1.0,(c) no laundry,(c) cats,(c) multi,(d) no parking,5.0
2550,660.0,1.0,1.0,(a) in-unit,(d) no pets,(c) multi,(d) no parking,8.0
2800,655.0,1.0,1.0,(a) in-unit,(d) no pets,(c) multi,(d) no parking,9.0
2850,800.0,1.0,1.0,(a) in-unit,(c) cats,(b) double,(d) no parking,4.0
10500,2179.0,3.0,3.0,(a) in-unit,(d) no pets,(c) multi,(b) protected,8.0
7995,3200.0,4.0,3.0,(a) in-unit,(a) both,(a) single,(b) protected,4.0
3104,650.0,1.0,1.0,(b) on-site,(c) cats,(c) multi,(c) off-street,8.0
2595,740.0,1.0,1.0,(b) on-site,(d) no pets,(c) multi,(d) no parking,8.0
4100,1050.0,2.0,1.0,(b) on-site,(a) both,(c) multi,(b) protected,5.0
5200,1450.0,3.0,2.0,(b) on-site,(a) both,(c) multi,(b) protected,5.0
6500,1450.0,4.0,2.0,(b) on-site,(d) no pets,(c) multi,(b) protected,7.0
3700,1100.0,2.0,1.0,(c) no laundry,(d) no pets,(a) single,(b) protected,2.0
2995,700.0,1.0,1.0,(b) on-site,(d) no pets,(c) multi,(b) protected,7.0
1850,500.0,1.0,1.0,(b) on-site,(a) both,(c) multi,(b) protected,8.0
3195,900.0,2.0,1.0,(b) on-site,(a) both,(c) multi,(d) no parking,2.0
2195,500.0,2.0,1.0,(b) on-site,(d) no pets,(c) multi,(d) no parking,8.0
1595,400.0,0.0,1.0,(b) on-site,(d) no pets,(c) multi,(d) no parking,8.0
4500,1246.0,2.0,2.0,(a) in-unit,(d) no pets,(c) multi,(b) protected,6.0
5995,1800.0,3.0,2.0,(a) in-unit,(a) both,(c) multi,(d) no parking,5.0
3750,1500.0,3.0,2.0,(a) in-unit,(d) no pets,(c) multi,(d) no parking,1.0
5195,1622.0,4.0,1.5,(a) in-unit,(a) both,(c) multi,(d) no parking,5.0
6250,1860.0,3.0,2.0,(a) in-unit,(a) both,(c) multi,(b) protected,7.0
2100,388.0,0.0,1.0,(c) no laundry,(c) cats,(c) multi,(d) no parking,6.0
2199,750.0,1.0,1.0,(a) in-unit,(d) no pets,(c) multi,(b) protected,8.0
1899,550.0,0.0,1.0,(b) on-site,(d) no pets,(c) multi,(b) protected,8.0
4000,1000.0,2.0,1.0,(a) in-unit,(a) both,(c) multi,(d) no parking,5.0
2199,575.0,1.0,1.0,(b) on-site,(a) both,(c) multi,(d) no parking,2.0
2750,700.0,1.0,1.0,(c) no laundry,(a) both,(c) multi,(c) off-street,5.0
2600,860.0,2.0,1.0,(b) on-site,(b) dogs,(c) multi,(c) off-street,5.0
6050,2300.0,4.0,3.0,(a) in-unit,(a) both,(a) single,(b) protected,1.0
2700,717.0,1.0,1.0,(c) no laundry,(d) no pets,(c) multi,(d) no parking,1.0
2698,800.0,1.0,1.0,(b) on-site,(d) no pets,(c) multi,(b) protected,1.0
2395,500.0,0.0,1.0,(b) on-site,(d) no pets,(c) multi,(b) protected,1.0
3995,900.0,2.0,2.0,(a) in-unit,(a) both,(c) multi,(b) protected,7.0
3495,700.0,1.0,1.0,(a) in-unit,(a) both,(c) multi,(b) protected,7.0
3500,1011.0,2.0,2.0,(a) in-unit,(a) both,(c) multi,(b) protected,9.0
3595,830.0,2.0,1.0,(b) on-site,(d) no pets,(c) multi,(b) protected,8.0
3000,830.0,4.0,1.0,(a) in-unit,(a) both,(c) multi,(d) no parking,8.0
1600,400.0,0.0,1.0,(b) on-site,(d) no pets,(c) multi,(d) no parking,8.0
5750,1960.0,4.0,2.0,(b) on-site,(d) no pets,(a) single,(b) protected,4.0
3895,1133.0,3.0,2.0,(a) in-unit,(a) both,(c) multi,(b) protected,9.0
4200,1200.0,1.0,1.0,(a) in-unit,(a) both,(c) multi,(b) protected,8.0
1675,224.0,0.0,1.0,(b) on-site,(a) both,(c) multi,(d) no parking,8.0
3100,1072.0,2.0,2.0,(a) in-unit,(d) no pets,(c) multi,(b) protected,9.0
2760,449.0,0.0,1.0,(c) no laundry,(a) both,(c) multi,(d) no parking,9.0
3600,1255.0,1.0,1.5,(a) in-unit,(d) no pets,(c) multi,(b) protected,9.0
3400,1124.0,1.0,1.5,(a) in-unit,(d) no pets,(c) multi,(b) protected,9.0
5500,2900.0,4.0,2.0,(c) no laundry,(c) cats,(a) single,(b) protected,2.0
2900,600.0,1.0,1.0,(b) on-site,(a) both,(c) multi,(d) no parking,5.0
1674,656.0,1.0,1.0,(b) on-site,(a) both,(c) multi,(d) no parking,9.0
4350,1310.0,2.0,1.0,(b) on-site,(d) no pets,(c) multi,(d) no parking,5.0
1850,375.0,0.0,1.0,(b) on-site,(d) no pets,(c) multi,(d) no parking,7.0
2000,525.0,0.0,1.0,(b) on-site,(d) no pets,(c) multi,(b) protected,6.0
5700,1500.0,3.0,2.0,(a) in-unit,(a) both,(c) multi,(b) protected,9.0
4250,769.0,1.0,1.0,(a) in-unit,(a) both,(c) multi,(b) protected,8.0
5500,1760.0,3.0,1.0,(a) in-unit,(a) both,(c) multi,(d) no parking,5.0
2445,600.0,1.0,1.0,(c) no laundry,(d) no pets,(c) multi,(d) no parking,7.0
2600,850.0,1.0,1.0,(c) no laundry,(d) no pets,(c) multi,(d) no parking,7.0
6895,1530.0,2.0,2.0,(a) in-unit,(b) dogs,(c) multi,(b) protected,7.0
2200,450.0,1.0,1.0,(b) on-site,(d) no pets,(c) multi,(c) off-street,8.0
2326,625.0,1.0,1.0,(b) on-site,(a) both,(c) multi,(b) protected,7.0
1800,440.0,0.0,1.0,(c) no laundry,(d) no pets,(c) multi,(d) no parking,8.0
1800,440.0,0.0,1.0,(b) on-site,(d) no pets,(c) multi,(d) no parking,8.0
4500,1500.0,2.0,1.0,(a) in-unit,(a) both,(a) single,(c) off-street,9.0
4250,1600.0,3.0,1.0,(a) in-unit,(d) no pets,(a) single,(b) protected,2.0
1890,550.0,1.0,1.0,(c) no laundry,(d) no pets,(c) multi,(d) no parking,7.0
4066,768.0,1.0,1.0,(a) in-unit,(a) both,(c) multi,(b) protected,9.0
2956,644.0,1.0,1.0,(a) in-unit,(a) both,(c) multi,(b) protected,2.0
2999,750.0,2.0,1.0,(b) on-site,(d) no pets,(c) multi,(d) no parking,2.0
4400,1900.0,2.0,2.0,(a) in-unit,(d) no pets,(a) single,(b) protected,1.0
3700,1100.0,3.0,1.0,(c) no laundry,(d) no pets,(c) multi,(d) no parking,8.0
4495,1200.0,2.0,2.0,(a) in-unit,(a) both,(c) multi,(d) no parking,1.0
3650,1000.0,2.0,2.0,(b) on-site,(d) no pets,(c) multi,(b) protected,7.0
4750,1050.0,3.0,2.0,(a) in-unit,(a) both,(c) multi,(b) protected,6.0
3950,1230.0,3.0,2.0,(c) no laundry,(d) no pets,(c) multi,(d) no parking,7.0
2450,523.0,1.0,1.0,(a) in-unit,(d) no pets,(c) multi,(b) protected,8.0
2695,800.0,1.0,1.0,(b) on-site,(d) no pets,(c) multi,(c) off-street,9.0
4068,1113.0,2.0,2.0,(a) in-unit,(a) both,(c) multi,(d) no parking,9.0
3400,945.0,2.0,2.0,(b) on-site,(d) no pets,(c) multi,(b) protected,2.0
3500,974.0,2.0,2.0,(b) on-site,(d) no pets,(c) multi,(b) protected,2.0
2000,400.0,0.0,1.0,(b) on-site,(d) no pets,(c) multi,(d) no parking,8.0
2750,1016.0,1.0,1.5,(a) in-unit,(a) both,(c) multi,(b) protected,9.0
2899,575.0,0.0,1.0,(a) in-unit,(a) both,(c) multi,(b) protected,5.0
1595,420.0,0.0,1.0,(c) no laundry,(d) no pets,(c) multi,(d) no parking,8.0
4500,1500.0,2.0,1.0,(b) on-site,(a) both,(c) multi,(b) protected,6.0
3500,1200.0,2.0,1.0,(b) on-site,(d) no pets,(c) multi,(b) protected,9.0
1795,500.0,2.0,1.0,(c) no laundry,(d) no pets,(c) multi,(d) no parking,1.0
4000,1050.0,2.0,2.0,(a) in-unit,(d) no pets,(c) multi,(d) no parking,9.0
3200,920.0,1.0,1.5,(a) in-unit,(d) no pets,(c) multi,(b) protected,9.0
1929,750.0,1.0,1.0,(b) on-site,(d) no pets,(c) multi,(b) protected,8.0
6500,1805.0,2.0,2.5,(a) in-unit,(a) both,(c) multi,(a) valet,8.0
6500,1805.0,2.0,2.5,(a) in-unit,(a) both,(c) multi,(b) protected,8.0
5900,1450.0,3.0,2.0,(a) in-unit,(d) no pets,(c) multi,(c) off-street,5.0
4600,1250.0,3.0,2.0,(a) in-unit,(a) both,(c) multi,(d) no parking,9.0
3000,845.0,1.0,1.0,(b) on-site,(d) no pets,(c) multi,(b) protected,6.0
6995,2500.0,2.0,2.0,(a) in-unit,(d) no pets,(c) multi,(b) protected,5.0
2860,1093.0,2.0,2.0,(c) no laundry,(a) both,(c) multi,(d) no parking,3.0
4750,979.0,3.0,2.0,(a) in-unit,(a) both,(c) multi,(b) protected,9.0
3020,702.0,1.0,1.0,(a) in-unit,(a) both,(c) multi,(b) protected,9.0
6500,1800.0,5.0,1.5,(a) in-unit,(d) no pets,(c) multi,(d) no parking,5.0
5595,1700.0,3.0,2.0,(a) in-unit,(b) dogs,(c) multi,(b) protected,5.0
9800,1670.0,2.0,2.5,(a) in-unit,(d) no pets,(c) multi,(a) valet,9.0
1600,350.0,0.0,1.0,(c) no laundry,(d) no pets,(c) multi,(d) no parking,8.0
2483,433.0,0.0,1.0,(a) in-unit,(a) both,(c) multi,(b) protected,9.0
1795,450.0,0.0,1.0,(b) on-site,(a) both,(c) multi,(d) no parking,8.0
1395,335.0,0.0,1.0,(c) no laundry,(a) both,(c) multi,(d) no parking,8.0
2195,590.0,0.0,1.0,(c) no laundry,(a) both,(c) multi,(d) no parking,2.0
1650,300.0,0.0,1.0,(b) on-site,(d) no pets,(b) double,(d) no parking,2.0
2500,600.0,0.0,1.0,(c) no laundry,(d) no pets,(c) multi,(d) no parking,5.0
1600,300.0,0.0,1.0,(c) no laundry,(d) no pets,(a) single,(d) no parking,10.0
1695,500.0,0.0,1.0,(b) on-site,(d) no pets,(c) multi,(d) no parking,8.0
1995,456.0,0.0,1.0,(b) on-site,(d) no pets,(c) multi,(b) protected,9.0
4800,955.0,2.0,2.0,(a) in-unit,(d) no pets,(c) multi,(b) protected,7.0
3900,1532.0,2.0,2.0,(a) in-unit,(d) no pets,(c) multi,(b) protected,8.0
4500,1444.0,3.0,2.0,(a) in-unit,(d) no pets,(c) multi,(d) no parking,7.0
5995,1700.0,3.0,2.0,(a) in-unit,(a) both,(c) multi,(d) no parking,1.0
5850,1300.0,1.0,1.0,(a) in-unit,(d) no pets,(c) multi,(b) protected,8.0
1600,400.0,0.0,1.0,(b) on-site,(d) no pets,(c) multi,(d) no parking,8.0
4488,977.0,2.0,2.0,(a) in-unit,(a) both,(c) multi,(b) protected,8.0
6990,1700.0,4.0,2.0,(a) in-unit,(d) no pets,(c) multi,(d) no parking,9.0
3700,1017.0,2.0,2.0,(a) in-unit,(a) both,(c) multi,(b) protected,6.0
2300,750.0,2.0,2.0,(a) in-unit,(d) no pets,(c) multi,(d) no parking,10.0
3000,965.0,1.0,1.5,(a) in-unit,(d) no pets,(c) multi,(b) protected,9.0
3107,956.0,1.0,1.0,(a) in-unit,(a) both,(c) multi,(b) protected,9.0
3728,1015.0,2.0,2.0,(a) in-unit,(a) both,(c) multi,(d) no parking,9.0
5950,2100.0,3.0,2.0,(a) in-unit,(d) no pets,(c) multi,(d) no parking,9.0
4200,1150.0,3.0,2.0,(b) on-site,(a) both,(c) multi,(d) no parking,5.0
4075,950.0,2.0,1.0,(a) in-unit,(d) no pets,(c) multi,(d) no parking,5.0
3195,750.0,1.0,1.0,(b) on-site,(d) no pets,(c) multi,(d) no parking,9.0
1625,500.0,0.0,1.0,(b) on-site,(c) cats,(c) multi,(d) no parking,10.0
1795,450.0,0.0,1.0,(b) on-site,(a) both,(c) multi,(d) no parking,8.0
4595,900.0,2.0,2.0,(b) on-site,(a) both,(c) multi,(b) protected,9.0
3595,1075.0,2.0,1.0,(b) on-site,(c) cats,(c) multi,(d) no parking,5.0
2950,850.0,1.0,2.0,(a) in-unit,(d) no pets,(c) multi,(b) protected,9.0
2799,1000.0,2.0,2.0,(b) on-site,(d) no pets,(c) multi,(b) protected,8.0
2800,950.0,1.0,1.0,(a) in-unit,(d) no pets,(c) multi,(b) protected,9.0
4145,996.0,2.0,2.0,(a) in-unit,(a) both,(c) multi,(b) protected,8.0
4495,1400.0,3.0,2.0,(b) on-site,(a) both,(c) multi,(c) off-street,2.0
4595,1220.0,2.0,2.0,(a) in-unit,(d) no pets,(c) multi,(b) protected,9.0
2995,784.0,1.0,1.0,(a) in-unit,(d) no pets,(c) multi,(b) protected,9.0
2300,600.0,1.0,1.0,(c) no laundry,(c) cats,(c) multi,(b) protected,5.0
2395,600.0,1.0,1.0,(c) no laundry,(c) cats,(c) multi,(b) protected,5.0
3250,900.0,1.0,1.0,(b) on-site,(d) no pets,(c) multi,(b) protected,7.0
2495,483.0,2.0,1.0,(b) on-site,(b) dogs,(c) multi,(d) no parking,8.0
3995,1100.0,1.0,1.0,(b) on-site,(a) both,(c) multi,(b) protected,8.0
2495,573.0,1.0,1.0,(c) no laundry,(c) cats,(c) multi,(d) no parking,3.0
3395,1231.0,2.0,2.0,(a) in-unit,(b) dogs,(c) multi,(b) protected,9.0
2750,1000.0,2.0,2.0,(a) in-unit,(b) dogs,(c) multi,(b) protected,9.0
2786,425.0,1.0,1.0,(c) no laundry,(d) no pets,(c) multi,(d) no parking,9.0
2750,700.0,0.0,1.0,(b) on-site,(d) no pets,(c) multi,(b) protected,7.0
3416,885.0,2.0,2.0,(a) in-unit,(a) both,(c) multi,(b) protected,9.0
4600,1750.0,3.0,2.5,(c) no laundry,(d) no pets,(c) multi,(b) protected,6.0
3550,900.0,1.0,1.0,(a) in-unit,(a) both,(c) multi,(d) no parking,9.0
2850,690.0,1.0,1.0,(b) on-site,(c) cats,(c) multi,(d) no parking,5.0
3850,1500.0,3.0,1.5,(a) in-unit,(a) both,(c) multi,(d) no parking,9.0
3695,911.0,2.0,2.0,(a) in-unit,(a) both,(c) multi,(b) protected,8.0
3575,1000.0,2.0,1.0,(b) on-site,(d) no pets,(c) multi,(d) no parking,8.0
2595,1000.0,1.0,1.0,(c) no laundry,(d) no pets,(c) multi,(b) protected,2.0
6300,1886.0,5.0,2.0,(a) in-unit,(a) both,(c) multi,(d) no parking,6.0
2950,980.0,2.0,2.0,(a) in-unit,(a) both,(c) multi,(d) no parking,3.0
2895,800.0,1.0,1.0,(c) no laundry,(c) cats,(c) multi,(d) no parking,7.0
3995,1000.0,3.0,1.0,(c) no laundry,(a) both,(c) multi,(d) no parking,3.0
4876,1285.0,2.0,2.0,(a) in-unit,(a) both,(c) multi,(b) protected,9.0
3200,770.0,1.0,1.0,(a) in-unit,(d) no pets,(c) multi,(b) protected,8.0
3450,1100.0,2.0,1.0,(b) on-site,(d) no pets,(c) multi,(d) no parking,7.0
12000,3300.0,4.0,4.0,(a) in-unit,(a) both,(c) multi,(b) protected,9.0
3896,728.0,2.0,1.0,(c) no laundry,(d) no pets,(c) multi,(d) no parking,9.0
5600,1800.0,2.0,2.0,(a) in-unit,(c) cats,(c) multi,(b) protected,8.0
4195,1120.0,2.0,2.0,(a) in-unit,(a) both,(c) multi,(b) protected,7.0
3700,1201.0,2.0,2.0,(a) in-unit,(d) no pets,(c) multi,(b) protected,9.0
2295,600.0,1.0,1.0,(b) on-site,(d) no pets,(c) multi,(d) no parking,6.0
3400,668.0,1.0,1.0,(a) in-unit,(a) both,(c) multi,(d) no parking,8.0
4350,950.0,2.0,1.0,(a) in-unit,(d) no pets,(c) multi,(b) protected,8.0
6500,1583.0,3.0,2.5,(a) in-unit,(a) both,(c) multi,(a) valet,8.0
1700,425.0,0.0,1.0,(c) no laundry,(d) no pets,(c) multi,(d) no parking,8.0
3799,861.0,1.0,1.0,(a) in-unit,(a) both,(c) multi,(b) protected,9.0
3198,925.0,2.0,2.0,(b) on-site,(a) both,(c) multi,(b) protected,7.0
2906,748.0,1.0,1.0,(a) in-unit,(a) both,(c) multi,(d) no parking,9.0
2801,627.0,1.0,1.0,(a) in-unit,(a) both,(c) multi,(d) no parking,9.0
1500,390.0,0.0,1.0,(b) on-site,(a) both,(c) multi,(d) no parking,8.0
2800,653.0,1.0,1.0,(a) in-unit,(d) no pets,(c) multi,(b) protected,9.0
2335,700.0,1.0,1.0,(a) in-unit,(a) both,(c) multi,(b) protected,9.0
3395,684.0,1.0,1.0,(a) in-unit,(d) no pets,(c) multi,(b) protected,8.0
2595,900.0,2.0,1.0,(b) on-site,(d) no pets,(c) multi,(d) no parking,9.0
3995,1190.0,2.0,2.0,(a) in-unit,(d) no pets,(c) multi,(b) protected,9.0
4495,1200.0,2.0,2.0,(a) in-unit,(d) no pets,(c) multi,(b) protected,9.0
2950,800.0,2.0,2.0,(c) no laundry,(c) cats,(c) multi,(b) protected,9.0
7200,2300.0,5.0,2.5,(a) in-unit,(d) no pets,(c) multi,(d) no parking,7.0
5150,1500.0,2.0,2.0,(b) on-site,(d) no pets,(c) multi,(a) valet,8.0
3200,1200.0,2.0,1.0,(b) on-site,(d) no pets,(c) multi,(b) protected,1.0
2995,1100.0,2.0,1.0,(c) no laundry,(d) no pets,(c) multi,(d) no parking,7.0
5995,1590.0,4.0,2.0,(b) on-site,(a) both,(c) multi,(d) no parking,9.0
1250,200.0,1.0,1.0,(b) on-site,(d) no pets,(c) multi,(d) no parking,2.0
2420,729.0,1.0,1.0,(c) no laundry,(c) cats,(a) single,(d) no parking,3.0
3250,1000.0,2.0,1.0,(b) on-site,(d) no pets,(c) multi,(d) no parking,8.0
3734,1064.0,2.0,2.0,(a) in-unit,(a) both,(c) multi,(b) protected,9.0
2770,690.0,1.0,1.0,(a) in-unit,(a) both,(c) multi,(b) protected,9.0
2095,750.0,0.0,1.0,(a) in-unit,(d) no pets,(c) multi,(d) no parking,9.0
4900,1700.0,5.0,2.0,(a) in-unit,(d) no pets,(c) multi,(d) no parking,7.0
2795,650.0,1.0,1.0,(b) on-site,(d) no pets,(c) multi,(b) protected,7.0
2550,750.0,1.0,1.0,(b) on-site,(d) no pets,(c) multi,(b) protected,7.0
3490,750.0,2.0,1.0,(a) in-unit,(a) both,(c) multi,(b) protected,8.0
2549,875.0,1.0,1.0,(a) in-unit,(a) both,(c) multi,(d) no parking,8.0
2495,595.0,1.0,1.0,(a) in-unit,(a) both,(c) multi,(d) no parking,8.0
2490,691.0,1.0,1.0,(c) no laundry,(c) cats,(a) single,(d) no parking,3.0
2499,679.0,1.0,1.0,(b) on-site,(a) both,(c) multi,(d) no parking,6.0
6495,1645.0,3.0,2.5,(a) in-unit,(a) both,(c) multi,(d) no parking,7.0
4500,1350.0,2.0,2.0,(a) in-unit,(d) no pets,(c) multi,(b) protected,9.0
3000,765.0,1.0,1.0,(c) no laundry,(d) no pets,(c) multi,(d) no parking,6.0
4265,1365.0,3.0,2.5,(a) in-unit,(a) both,(c) multi,(d) no parking,9.0
2195,500.0,1.0,1.0,(c) no laundry,(d) no pets,(c) multi,(d) no parking,9.0
3000,650.0,1.0,1.0,(b) on-site,(a) both,(c) multi,(d) no parking,5.0
3549,790.0,1.0,1.0,(a) in-unit,(a) both,(c) multi,(d) no parking,9.0
3595,869.0,1.0,1.0,(a) in-unit,(a) both,(c) multi,(a) valet,9.0
5250,1800.0,4.0,1.0,(a) in-unit,(a) both,(c) multi,(d) no parking,6.0
2100,500.0,0.0,1.0,(b) on-site,(a) both,(c) multi,(d) no parking,5.0
1699,550.0,1.0,1.0,(c) no laundry,(a) both,(c) multi,(d) no parking,6.0
4700,1750.0,2.0,2.0,(a) in-unit,(d) no pets,(c) multi,(b) protected,9.0
4700,1750.0,2.0,2.0,(a) in-unit,(d) no pets,(c) multi,(b) protected,9.0
2000,500.0,0.0,1.0,(b) on-site,(d) no pets,(c) multi,(c) off-street,4.0
2700,600.0,1.0,1.0,(b) on-site,(c) cats,(c) multi,(b) protected,1.0
4099,1300.0,3.0,1.0,(c) no laundry,(a) both,(c) multi,(d) no parking,5.0
3595,1200.0,2.0,1.0,(b) on-site,(c) cats,(c) multi,(d) no parking,9.0
4695,1700.0,3.0,2.0,(a) in-unit,(d) no pets,(c) multi,(d) no parking,7.0
1950,450.0,1.0,1.0,(c) no laundry,(d) no pets,(a) single,(c) off-street,3.0
3600,1100.0,3.0,1.0,(a) in-unit,(d) no pets,(c) multi,(d) no parking,8.0
3625,1032.0,2.0,2.0,(a) in-unit,(d) no pets,(c) multi,(b) protected,8.0
